Name,cfc2020_10_01run002
Time,2020/10/01 01:28 PM
Notes,1um silica 
User,Cheong Fook Chiong
Sample,Beads
Sample notes,
Sample refractive index,1.34
Measured volume,2.00 μL
Viscosity,1-2 cP
Laser,0.447 μm (Blue)
Temperature,26.7 °C
Channel,2


,d [μm],d uncertainty [μm],n,n uncertainty,z [μm],z uncertainty [μm],v [μm / s],timestamp [s],symmetry
0,0.8179,0.0872,1.3719,0.0116,67.8346,2.0958,3061.7053,0.0400,Non-spherical
1,0.2611,0.0096,2.3487,0.0369,66.9081,0.3069,2878.9991,0.2049,Non-spherical
2,1.7545,0.0493,1.3801,0.0024,67.7572,0.2170,2718.5892,0.5496,Non-spherical
3,1.5420,0.0727,1.3440,0.0005,40.8697,0.8447,8.8175,0.6829,Non-spherical
4,1.7895,0.0396,1.3732,0.0024,65.1199,0.1540,3028.8112,0.8694,Spherical
5,1.1291,0.0503,1.4199,0.0097,92.7150,0.2617,2012.4019,1.0958,Spherical
6,1.7253,0.1477,1.3793,0.0254,91.3496,0.4669,2303.0829,1.1292,Spherical
7,1.5943,0.0839,1.6030,0.0383,68.3313,1.1908,3493.7793,1.1558,Spherical
8,0.5826,0.0676,1.4138,0.0143,60.8374,0.3182,2464.7616,1.4356,Non-spherical
9,0.9712,0.0363,1.4578,0.0078,84.0417,0.2181,2846.8389,1.5821,Spherical
10,1.5353,0.0303,1.4105,0.0068,72.5725,0.5122,2857.4621,1.9218,Non-spherical
11,0.9855,0.0292,1.4471,0.0073,84.4487,0.2381,3034.8123,2.0884,Spherical
12,1.1536,0.0180,1.4286,0.0028,93.1647,0.4143,1624.0375,2.3615,Spherical
13,1.5977,0.0322,1.3962,0.0043,74.5592,0.2424,3235.1348,2.3548,Spherical
14,2.9404,0.0910,1.3622,0.0029,51.7529,1.5784,2187.0753,2.4347,Non-spherical
15,1.8446,0.1195,1.3744,0.0114,54.3039,0.2978,1288.4888,2.5413,Spherical
16,1.0896,0.0215,1.4298,0.0044,97.0983,0.1643,865.4114,2.6546,Spherical
17,0.4010,0.0232,1.5645,0.0299,83.2279,0.2229,2836.7653,2.5946,Non-spherical
18,1.6550,0.1229,1.3885,0.0191,88.1231,0.1988,2028.8564,3.0009,Spherical
19,0.9789,0.0299,1.4687,0.0093,90.7621,0.1760,2308.6208,3.2740,Spherical
20,1.0760,0.0313,1.4322,0.0090,83.1854,0.2009,3117.4160,3.2740,Spherical
21,1.2762,0.1147,1.3452,0.0017,44.9316,0.8509,16.2829,3.5671,Non-spherical
22,1.0661,0.0412,1.4433,0.0128,92.8182,0.1889,1632.4510,3.9135,Spherical
23,2.2170,0.1100,1.3758,0.0073,78.8750,0.1979,3126.2890,4.3132,Non-spherical
24,2.8314,0.1249,1.3550,0.0024,61.7822,0.5442,2872.0865,4.3731,Non-spherical
25,1.9965,0.0836,1.3885,0.0062,63.7748,1.0961,2588.8083,4.4797,Non-spherical
26,1.0663,0.0380,1.4383,0.0098,79.5268,0.1888,3114.5925,4.4997,Spherical
27,2.5702,0.2618,1.3595,0.0165,48.7715,0.5980,904.4154,4.5930,Non-spherical
28,1.7196,0.1256,1.3898,0.0148,60.5204,0.2907,1996.1800,5.1458,Spherical
29,0.5436,0.1598,1.3858,0.0527,57.9143,3.0586,1769.3001,5.3989,Non-spherical
30,1.5776,0.0799,1.3901,0.0079,90.7300,0.3236,1914.7214,5.6854,Non-spherical
31,1.0986,0.0204,1.4305,0.0028,70.5087,0.1714,2879.8299,5.7253,Spherical
32,1.0537,0.0263,1.4281,0.0046,59.2635,0.1357,1898.8828,5.7920,Spherical
33,1.7139,0.0900,1.3829,0.0058,85.6674,0.2024,2344.7191,5.8652,Non-spherical
34,0.8642,0.0735,1.3901,0.0168,66.6226,0.2580,2443.0890,6.1850,Spherical
35,0.5380,0.1358,1.4131,0.0327,85.3469,8.4701,1885.8522,6.6279,Non-spherical
36,0.5028,0.1736,1.4820,0.0487,95.8818,2.2467,1862.5159,6.6646,Non-spherical
37,1.1105,0.0302,1.5033,0.0010,75.4675,0.2120,4281.3479,6.6879,Spherical
38,1.5311,0.0734,1.4452,0.0228,78.8408,0.3316,4133.7433,6.6912,Spherical
39,0.9981,0.0504,1.4428,0.0140,81.1874,0.3230,4012.0359,6.7412,Spherical
40,1.8102,0.0424,1.3745,0.0024,85.9496,0.2387,3116.5362,6.8577,Spherical
41,1.0539,0.0378,1.4425,0.0092,61.7451,0.2025,2949.6293,6.8910,Spherical
42,1.5564,0.1284,1.4042,0.0140,79.5123,0.4079,3698.5277,6.8977,Non-spherical
43,0.6559,0.0183,1.5235,0.0119,62.3057,0.1894,2625.0246,7.1442,Spherical
44,1.8036,0.0347,1.3736,0.0015,77.7509,0.1805,3066.1369,7.3773,Spherical
45,1.9083,0.0450,1.3703,0.0027,56.2826,0.3853,1969.1490,7.6171,Non-spherical
46,0.5527,0.0891,1.4541,0.0244,68.8410,0.2079,3131.9009,7.8103,Non-spherical
47,0.5869,0.0377,1.5049,0.0253,85.7821,0.3049,2684.2598,7.9302,Non-spherical
48,1.0834,0.0189,1.4254,0.0075,84.3220,0.1271,2606.7144,7.9768,Spherical
49,0.1931,0.0040,3.0000,0.1254,65.1918,0.3663,2657.4746,7.9968,Non-spherical
50,1.0602,0.0302,1.4314,0.0076,86.1805,0.3130,2501.1242,8.0168,Spherical
51,1.8755,0.0290,1.3730,0.0023,78.1219,0.2533,2958.9324,8.0834,Non-spherical
52,1.6655,0.0527,1.3745,0.0039,64.7281,0.1252,2709.4817,8.1300,Non-spherical
53,1.1000,0.0527,1.4232,0.0116,89.3609,0.1800,2054.3515,8.1833,Spherical
54,1.4056,0.3684,1.3482,0.3693,44.2307,1.7496,21.9333,8.2299,Non-spherical
55,2.7648,0.0539,1.3690,0.0018,70.2777,0.3668,2903.8113,8.2499,Non-spherical
56,1.1126,0.0385,1.4148,0.0096,87.6363,0.1968,2773.8407,8.5030,Spherical
57,2.1570,0.0996,1.3643,0.0038,48.7516,0.4647,400.7166,8.6429,Non-spherical
58,2.2677,0.0661,1.3643,0.0017,84.1397,0.5223,2674.6077,8.9427,Non-spherical
59,1.0954,0.0330,1.4282,0.0049,70.4027,0.2343,2746.1536,9.2957,Spherical
60,0.9630,0.0356,1.4506,0.0137,79.0803,0.1979,2842.1016,9.3290,Spherical
61,1.0487,0.0472,1.4429,0.0076,68.7586,0.2369,2722.1231,9.3357,Spherical
62,1.0958,0.0451,1.4249,0.0070,69.3894,0.1396,2689.8249,9.3823,Spherical
63,1.0361,0.0584,1.4343,0.0113,80.2266,0.1508,2489.6468,9.4889,Spherical
64,1.7554,0.1404,1.3786,0.0245,88.7973,0.2125,1783.9423,9.5155,Non-spherical
65,2.3708,0.1795,1.3808,0.0062,60.7650,1.5110,2535.5352,9.8220,Non-spherical
66,1.4933,0.0737,1.4836,0.0125,87.6772,0.1581,2228.0629,10.0418,Spherical
67,0.8863,0.0572,1.3868,0.0087,67.6693,0.1914,2723.8561,10.1883,Spherical
68,1.2366,0.1019,1.4084,0.0240,71.6444,3.7571,3238.0806,10.6679,Non-spherical
69,3.1866,0.0553,1.3692,0.0011,71.9035,0.6705,3312.8986,10.8011,Non-spherical
70,2.3592,0.0550,1.3602,0.0009,73.5041,0.4703,3288.8157,10.8278,Non-spherical
71,1.0002,0.0369,1.4458,0.0086,77.1178,0.1973,3221.3886,10.8744,Spherical
72,1.9211,0.0265,1.3888,0.0021,75.1604,0.1630,3102.1426,11.0942,Non-spherical
73,1.0599,0.0412,1.4265,0.0100,59.2191,0.1723,1961.6205,11.1342,Spherical
74,1.0377,0.0212,1.4252,0.0068,68.8214,0.1872,2589.4255,11.5672,Spherical
75,2.0902,0.1495,1.3659,0.0030,81.6979,0.4696,2503.1033,11.5938,Non-spherical
76,0.9736,0.0300,1.4474,0.0083,92.1052,0.7495,1823.8901,11.8736,Spherical
77,1.0264,0.0232,1.4361,0.0041,59.3546,0.1776,1937.6071,12.3132,Spherical
78,1.0535,0.0362,1.4327,0.0100,50.8296,0.1502,483.9180,12.4864,Spherical
79,1.0289,0.0161,1.4419,0.0045,51.9427,0.2314,661.7186,12.5330,Spherical
80,0.5993,0.2768,1.4469,0.0255,56.4275,2.5373,1338.5845,12.7129,Spherical
81,1.8155,0.1801,1.3941,0.0168,63.2502,0.1558,2872.4417,12.8128,Non-spherical
82,1.0734,0.0454,1.4299,0.0102,90.3931,0.3140,2016.4084,13.1192,Spherical
83,1.5637,0.0978,1.4072,0.0086,68.0257,0.3729,3035.1991,13.1325,Non-spherical
84,1.0610,0.0330,1.4268,0.0066,87.1380,0.2624,2527.0030,13.1592,Spherical
85,1.0670,0.0342,1.4321,0.0072,90.3707,0.3021,1944.4015,13.4723,Spherical
86,1.1662,0.0400,1.4177,0.0090,84.5905,0.2441,2371.6454,13.6055,Spherical
87,1.9074,0.0289,1.3720,0.0023,76.0353,0.2080,3412.8780,13.8453,Non-spherical
88,1.3102,0.0226,1.4145,0.0020,90.9127,0.3720,2057.4979,14.0918,Spherical
89,1.8657,0.1144,1.3845,0.0095,86.3567,0.3916,2543.2072,14.0951,Spherical
90,1.5614,0.0381,1.4173,0.0056,73.2260,0.0905,2955.1988,14.2982,Spherical
91,2.0922,0.0561,1.3825,0.0040,63.8802,0.2361,2558.8500,14.4448,Non-spherical
92,1.0144,0.0192,1.4489,0.0058,77.5563,0.2352,2901.5941,14.4981,Non-spherical
93,2.9029,0.0675,1.3578,0.0022,83.1824,1.0913,2414.3174,14.7712,Non-spherical
94,0.9978,0.0383,1.4415,0.0074,74.3940,0.2464,2725.6060,14.8112,Spherical
95,1.9581,0.0495,1.3966,0.0060,81.1788,0.3457,3884.5878,14.9044,Non-spherical
96,1.0206,0.0301,1.4345,0.0071,82.4065,0.2397,4546.3262,15.0476,Spherical
97,1.8264,0.0362,1.3819,0.0013,76.4447,0.2674,4238.7630,15.2541,Non-spherical
98,1.0197,0.0647,1.4265,0.0109,78.9075,0.2370,4128.2823,15.3374,Spherical
99,1.0816,0.0543,1.4249,0.0144,82.2388,0.2662,3650.3713,15.3840,Spherical
100,2.7439,0.3860,1.3706,0.0046,82.4439,1.6592,3296.5165,15.4473,Non-spherical
101,2.6307,0.2358,1.3653,0.0063,89.6304,0.6353,2059.4924,15.4773,Non-spherical
102,1.0973,0.0242,1.4237,0.0042,56.2032,0.2477,1763.4077,15.5239,Spherical
103,1.0669,0.0174,1.4365,0.0029,54.7194,0.1154,1455.3597,15.7171,Non-spherical
104,1.0184,0.0286,1.4381,0.0038,77.2564,0.1900,3879.6674,16.0568,Spherical
105,0.5628,0.0522,1.4393,0.0279,69.6809,0.1790,3645.2699,16.0968,Non-spherical
106,2.6849,0.1405,1.3749,0.0071,83.2735,0.3688,3224.9673,16.2167,Non-spherical
107,1.4895,0.1079,1.3987,0.0191,77.1438,0.1129,3313.2551,16.4631,Spherical
108,2.4945,0.2497,1.3631,0.0113,66.3137,0.7128,2976.0983,16.4731,Non-spherical
109,1.0761,0.0509,1.3526,0.0036,54.4065,3.8189,1311.9957,16.5630,Non-spherical
110,1.0151,0.0498,1.4381,0.0134,77.5319,0.1982,3088.1171,16.7162,Spherical
111,1.0725,0.0348,1.4445,0.0090,81.1469,0.2050,2810.3302,16.7829,Non-spherical
112,2.3866,0.0534,1.3685,0.0027,69.7319,0.4072,2913.5023,16.8361,Non-spherical
113,1.0290,0.0366,1.4371,0.0061,59.1690,0.1105,2220.6684,17.2691,Spherical
114,1.9408,0.0290,1.3710,0.0014,69.8261,0.3598,3315.1306,17.3491,Non-spherical
115,2.0696,0.0470,1.3728,0.0008,71.8602,0.5459,2792.8966,17.9086,Non-spherical
116,0.6469,0.0492,1.4048,0.0138,63.3408,0.1076,2605.4209,18.1118,Spherical
117,0.9604,0.0602,1.4607,0.0141,71.6023,0.2101,3502.6763,18.1617,Spherical
118,1.4172,0.1725,1.3498,0.0170,59.6356,0.2823,2307.1227,18.4215,Non-spherical
119,0.9919,0.0514,1.4512,0.0119,88.0239,0.3515,2501.3767,18.4481,Spherical
120,0.5327,0.1069,1.4633,0.0468,75.9464,0.3731,3206.2502,18.5547,Spherical
121,2.1905,0.0662,1.3870,0.0043,74.1490,0.1780,3178.8145,18.6080,Non-spherical
122,1.1347,0.0778,1.3536,0.0034,61.8072,0.3972,2313.5955,18.6680,Non-spherical
123,3.4473,0.1602,1.3744,0.0038,42.4941,1.4434,839.9786,18.8745,Non-spherical
124,2.0747,0.0702,1.3697,0.0048,61.0826,0.2262,2305.8834,18.9078,Non-spherical
125,0.8989,0.0301,1.5253,0.0175,82.6658,0.2202,3082.6047,19.2208,Spherical
126,2.3524,0.0831,1.3476,0.0010,63.1779,0.3118,2808.3854,19.2675,Non-spherical
127,1.0520,0.0291,1.4286,0.0068,90.4530,0.4740,2097.5952,19.3874,Spherical
128,1.1392,0.1279,1.3625,0.0049,60.6098,2.0275,2399.7540,19.4407,Non-spherical
129,1.6327,0.0684,1.3915,0.0053,57.8065,0.1824,1960.5451,19.5539,Non-spherical
130,2.1600,0.0295,1.4906,0.0038,63.3217,0.0643,2447.1029,19.7471,Non-spherical
131,2.2519,0.1134,1.3637,0.0041,48.1686,0.8993,542.4954,19.9269,Non-spherical
132,1.0564,0.0296,1.4409,0.0087,78.0687,0.3529,3269.0553,20.3466,Spherical
133,2.0307,0.0519,1.3914,0.0054,71.3937,0.3475,3242.4464,20.6130,Non-spherical
134,1.7786,0.1415,1.3766,0.0198,89.9509,0.3329,1980.6735,20.7462,Spherical
135,1.0581,0.0379,1.4296,0.0038,76.2088,0.2116,2861.4560,20.9594,Spherical
136,0.2578,0.0156,2.2398,0.0816,57.7625,0.1717,1665.6985,21.1193,Non-spherical
137,0.6754,0.1383,1.3833,0.0527,75.2560,0.2441,2965.5270,21.1293,Non-spherical
138,0.9869,0.0171,1.4496,0.0069,56.9521,0.2280,1521.8661,21.1726,Spherical
139,2.8580,0.0685,1.3786,0.0035,88.3338,0.6425,2050.7065,21.3524,Non-spherical
140,0.5979,0.0103,1.4711,0.0072,62.6828,0.1746,2631.5319,21.6122,Spherical
141,2.0535,0.1934,1.3750,0.0180,66.6580,0.2590,2895.3200,21.7254,Non-spherical
142,0.5822,0.0897,1.4147,0.0404,66.7674,0.2092,2746.6204,21.9319,Non-spherical
143,0.6037,0.2441,1.4109,0.0227,67.9360,2.4073,2827.6623,21.9519,Non-spherical
144,2.9372,0.0297,1.3689,0.0010,70.7316,0.2507,2894.3675,22.0052,Non-spherical
145,1.7275,0.1383,1.4143,0.0124,61.6961,0.9174,2453.8949,22.3582,Non-spherical
146,1.0919,0.0283,1.4263,0.0072,56.3096,0.2973,1838.2717,22.4382,Spherical
147,1.5191,0.0695,1.3451,0.0006,61.1932,0.2829,2581.2919,22.6547,Non-spherical
148,3.4768,0.0670,1.3592,0.0010,72.7202,0.4712,3073.4092,22.7046,Non-spherical
149,0.2037,0.0030,2.7944,0.0620,75.0073,0.3201,3454.4137,22.7313,Non-spherical
150,1.1753,0.0452,1.4183,0.0092,83.5422,0.3188,2697.2289,22.8378,Non-spherical
151,1.0919,0.0336,1.4330,0.0054,74.7895,0.2235,3182.3856,22.8378,Spherical
152,0.4442,0.0921,1.4066,0.0359,62.1944,6.2317,2470.4769,22.8645,Non-spherical
153,1.8566,0.0308,1.4054,0.0035,84.8741,0.1110,2743.5946,22.9178,Spherical
154,1.5062,0.1509,1.4059,0.0190,63.7933,0.2315,2691.4194,22.9311,Spherical
155,2.3259,0.0382,1.3875,0.0024,89.0277,0.2216,1881.4272,23.0776,Non-spherical
156,1.7083,0.0753,1.3986,0.0076,77.5047,0.5127,4300.8764,23.3241,Spherical
157,1.0576,0.0222,1.4309,0.0061,53.5544,0.1973,1429.0650,23.3508,Spherical
158,1.0010,0.0167,1.4435,0.0054,82.7290,0.2617,3906.2439,23.4307,Spherical
159,0.5776,0.0949,1.4386,0.0263,64.1217,0.2669,3533.5402,23.4507,Non-spherical
160,1.0254,0.0424,1.4434,0.0116,84.0961,0.2550,4250.6979,23.4806,Spherical
161,2.6211,0.3238,1.3574,0.0058,57.0034,2.1070,2783.3255,23.5173,Non-spherical
162,0.7149,0.0475,1.4338,0.0200,65.7748,0.1696,4134.1732,23.5406,Spherical
163,1.6760,0.3020,1.3449,0.3268,42.8401,1.5639,39.4118,23.5972,Non-spherical
164,1.4325,0.0410,1.4202,0.0023,73.1559,0.2089,4414.3158,23.6538,Spherical
165,1.1338,0.3637,1.3464,0.4049,40.1752,3.7572,2.0985,23.6905,Non-spherical
166,1.8761,0.0991,1.4085,0.0074,66.9802,0.4798,4212.3410,23.6938,Non-spherical
167,1.8545,0.0848,1.3759,0.0078,91.3035,0.3475,1990.7327,23.9836,Non-spherical
168,1.0088,0.0540,1.4456,0.0113,76.2541,0.1609,3750.7412,24.0568,Spherical
169,1.0149,0.0633,1.4438,0.0169,84.0126,0.2195,2942.1274,24.1701,Spherical
170,1.7568,0.0261,1.4084,0.0053,72.8575,0.1198,3395.3652,24.2767,Spherical
171,1.1226,0.0548,1.4293,0.0125,65.0217,0.1591,2796.1426,24.3166,Spherical
172,1.0285,0.0591,1.3516,0.0012,62.0985,0.2125,2519.6186,24.3299,Non-spherical
173,1.0565,0.0119,1.4364,0.0037,59.4052,0.2069,2063.9632,24.4898,Spherical
174,1.0653,0.0396,1.4322,0.0062,67.3975,0.2368,2883.8491,24.4832,Spherical
175,2.1073,0.0628,1.3700,0.0042,61.7143,0.4124,2517.0709,24.5031,Non-spherical
176,0.9927,0.0333,1.4451,0.0087,81.8617,0.3197,3693.7823,24.5631,Spherical
177,1.7789,0.0989,1.3760,0.0093,56.1573,0.1312,1870.6178,24.6497,Non-spherical
178,1.2745,0.3176,1.3474,0.4053,42.9901,1.7754,12.5540,24.8961,Non-spherical
179,1.5162,0.1309,1.3934,0.0251,88.0829,0.2132,2513.7000,25.0094,Non-spherical
180,1.9463,0.0896,1.3444,0.0008,97.5029,0.4524,684.0835,25.1559,Non-spherical
181,1.3852,0.0572,1.3805,0.0083,66.9095,0.3271,2927.3319,25.1359,Spherical
182,1.1025,0.0286,1.4253,0.0066,76.5536,0.1625,3168.2143,25.1693,Spherical
183,2.0692,0.0407,1.3694,0.0025,68.0103,0.3191,2820.8737,25.2225,Non-spherical
184,2.1896,0.5073,1.3924,0.0185,51.4692,0.3953,1047.7946,25.4723,Non-spherical
185,0.5201,0.0636,1.4374,0.0344,58.1336,2.4392,1633.3001,25.4956,Non-spherical
186,1.1053,0.0406,1.4166,0.0105,72.1318,0.2534,3501.6669,25.7288,Spherical
187,1.5670,0.3151,1.3443,0.2532,41.1530,1.3451,11.9559,25.8087,Non-spherical
188,1.0146,0.0291,1.4401,0.0095,73.1108,0.1516,3260.4374,26.0618,Spherical
189,1.7802,0.0459,1.3787,0.0034,59.9708,0.3400,2235.2291,26.1951,Non-spherical
190,0.7993,0.0773,1.3852,0.0352,65.6752,0.2777,2684.4349,26.1951,Non-spherical
191,0.9694,0.0269,1.4407,0.0085,59.5479,0.2670,2033.8497,26.3016,Spherical
192,1.3741,0.0730,1.4166,0.0148,80.4727,0.2615,2876.3266,26.3283,Spherical
193,1.0500,0.0257,1.4415,0.0082,90.4243,0.1859,1868.1936,26.3749,Spherical
194,2.2064,0.1752,1.3474,0.0015,61.4502,0.1556,2180.4506,26.5148,Non-spherical
195,0.9930,0.0347,1.4416,0.0072,76.7118,0.2785,2814.1035,26.5481,Spherical
196,1.1141,0.0294,1.4261,0.0050,65.5941,0.1464,2874.5215,26.8945,Non-spherical
197,1.1063,0.0304,1.4187,0.0044,87.0385,0.2160,2369.7239,27.1210,Spherical
198,1.1116,0.0543,1.4139,0.0077,89.8821,0.2779,1925.8665,27.2342,Spherical
199,1.5311,0.1169,1.3908,0.0092,87.6800,0.4834,1900.8104,27.5473,Spherical
200,0.3201,0.0806,1.6027,0.1008,62.8807,0.2316,2118.0371,27.6938,Non-spherical
201,2.9505,0.1049,1.3610,0.0015,77.3376,0.6021,3338.2906,27.7604,Non-spherical
202,1.0691,0.0419,1.4307,0.0054,68.7746,0.2024,3221.0748,27.8004,Spherical
203,1.0371,0.0328,1.4482,0.0116,68.9417,0.1829,3261.3750,27.8071,Spherical
204,1.5525,0.0998,1.4200,0.0207,69.4871,0.3865,3198.1687,27.8803,Non-spherical
205,0.6988,0.2369,1.3461,0.0372,60.7050,5.6502,2197.8920,27.9403,Non-spherical
206,1.0727,0.0574,1.4430,0.0186,55.4374,0.1318,1451.5244,27.9869,Non-spherical
207,0.9541,0.0334,1.4688,0.0089,70.6489,0.1674,3082.8625,28.0335,Spherical
208,1.0460,0.0258,1.4338,0.0089,64.2980,0.1633,2513.4982,28.2500,Spherical
209,1.9036,0.0860,1.3428,0.0003,60.0481,0.3276,2242.3299,28.3333,Non-spherical
210,1.1334,0.0275,1.4286,0.0070,91.9215,0.3130,1572.3112,28.5731,Spherical
211,1.3277,0.0267,1.4216,0.0046,70.5721,0.1690,3356.6088,28.8529,Spherical
212,1.8139,0.1184,1.3782,0.0232,54.7094,0.2798,1509.1019,28.8862,Non-spherical
213,1.6384,0.0969,1.3795,0.0073,84.1407,0.4283,2626.1232,29.1326,Non-spherical
214,0.9958,0.0204,1.4481,0.0042,59.4658,0.3186,2062.8289,29.1726,Spherical
215,1.6532,0.1076,1.3466,0.0014,93.2874,0.4249,1380.4036,29.2958,Non-spherical
216,1.2518,0.0715,1.3485,0.0018,61.1556,0.2554,2237.5433,29.3125,Non-spherical
217,1.6710,0.0338,1.4069,0.0054,75.4172,0.2670,3509.4433,29.9853,Spherical
218,0.5943,0.2089,1.4365,0.0471,76.2181,2.3102,3451.9445,30.0419,Non-spherical
219,1.0734,0.0403,1.4250,0.0111,75.2750,0.1879,3273.3844,30.0985,Spherical
220,1.8226,0.0304,1.3732,0.0010,84.4612,0.2154,2793.6320,30.2051,Non-spherical
221,1.7769,0.0240,1.3737,0.0018,70.9074,0.1631,3268.1912,30.2184,Non-spherical
222,1.0064,0.0233,1.4407,0.0048,79.0799,0.1935,3238.3524,30.2317,Spherical
223,4.2095,0.3552,1.3545,0.0049,59.8729,4.0519,3038.0020,30.2850,Non-spherical
224,1.6356,0.1352,1.3458,0.0016,60.9553,0.6302,2406.3599,30.3450,Non-spherical
225,1.0389,0.0173,1.4279,0.0060,89.3138,0.1718,2034.0380,30.5182,Spherical
226,1.6663,0.0615,1.4084,0.0067,69.7875,0.2411,2681.6315,30.8112,Spherical
227,1.8078,0.0222,1.3733,0.0007,58.0418,0.2646,1753.9960,30.8779,Non-spherical
228,1.1676,0.0536,1.4772,0.0159,78.1253,0.1540,3411.3846,31.1110,Spherical
229,1.1148,0.0367,1.4214,0.0059,66.8991,0.2103,2998.7760,31.2176,Spherical
230,2.1641,0.1854,1.3670,0.0110,61.4450,0.4090,2594.8822,31.2575,Non-spherical
231,0.7284,0.0410,1.4327,0.0185,66.1146,0.2754,2897.8572,31.3175,Non-spherical
232,0.9995,0.0494,1.4447,0.0159,63.6644,0.3367,2684.7174,31.3508,Spherical
233,1.0206,0.0071,1.4391,0.0028,53.2146,0.1561,930.1973,31.4174,Spherical
234,1.0866,0.0388,1.4283,0.0110,83.9533,0.2030,2690.6502,31.3841,Spherical
235,3.7937,0.1347,1.3554,0.0007,56.0372,1.6679,2016.5934,32.1968,Non-spherical
236,1.3735,0.0953,1.4185,0.0150,67.9556,0.1400,3043.9745,32.4765,Non-spherical
237,1.9390,0.1184,1.3429,0.0011,40.3953,0.7322,81.5259,32.5298,Non-spherical
238,1.7838,0.0583,1.3786,0.0043,59.4464,0.2350,2194.3928,32.5831,Non-spherical
239,2.6010,0.2113,1.3711,0.0079,66.1510,0.7208,2982.4679,32.5765,Non-spherical
240,1.8011,0.0395,1.4060,0.0052,80.1175,0.2273,2980.3923,32.7030,Spherical
241,0.6941,0.0671,1.4125,0.0098,68.8962,0.2579,2669.4950,33.0760,Spherical
242,0.7228,0.0956,1.3736,0.0062,65.3337,0.1762,2782.8200,33.4890,Non-spherical
243,1.5499,0.1399,1.4448,0.0171,64.0027,0.3439,2884.9696,33.4957,Non-spherical
244,0.5452,0.0172,1.8548,0.0197,67.9471,0.2326,2784.0227,33.6489,Non-spherical
245,0.3282,0.0083,2.0107,0.0949,53.0607,0.3054,1011.4071,34.5382,Non-spherical
246,1.7288,0.1018,1.3783,0.0090,81.9736,0.4107,2867.5226,34.5082,Spherical
247,1.4792,0.0145,1.4124,0.0038,54.6720,0.1500,1270.2644,34.6481,Spherical
248,0.9785,0.0230,1.4563,0.0093,69.2622,0.2124,3096.6864,34.6148,Spherical
249,1.0586,0.0198,1.4461,0.0061,53.5321,0.1255,1024.1649,34.6814,Spherical
250,0.7056,0.1105,1.3982,0.0407,65.4657,0.2417,2572.3865,34.9412,Spherical
251,0.7469,0.0613,1.3988,0.0238,59.9767,0.1730,1840.8059,35.1277,Spherical
252,1.5332,0.1333,1.3984,0.0232,61.7100,0.1922,2656.4398,35.3941,Spherical
253,1.8409,0.0475,1.3772,0.0036,60.9334,0.1555,2481.7854,35.5007,Spherical
254,2.1545,0.0462,1.3822,0.0023,67.6464,0.3187,3086.9622,35.6073,Non-spherical
255,0.9951,0.0242,1.4526,0.0080,81.9152,0.1648,2907.2968,35.8804,Spherical
256,1.0766,0.0322,1.4242,0.0089,67.7116,0.1914,2719.0045,36.0203,Spherical
257,1.0761,0.0174,1.4345,0.0050,82.6280,0.2010,2486.6977,36.2734,Spherical
258,0.5653,0.0081,1.7975,0.0149,76.5706,0.3259,3485.6437,36.4199,Non-spherical
259,0.9245,0.1235,1.3667,0.0505,61.9063,0.2008,2531.7755,36.6930,Non-spherical
260,1.7712,0.0483,1.3827,0.0035,60.4446,0.2379,2300.7989,36.7064,Non-spherical
261,1.0857,0.0539,1.4336,0.0097,77.8768,0.2682,3248.5028,36.7064,Spherical
262,0.5040,0.0220,1.4722,0.0130,65.4988,0.0237,2569.5004,37.1194,Non-spherical
263,1.0084,0.0237,1.4371,0.0057,95.1387,0.2490,1271.5068,37.1726,Spherical
264,1.8414,0.0180,1.3709,0.0014,66.3962,0.2131,2780.5696,37.3592,Non-spherical
265,0.3387,0.0070,1.8981,0.0551,68.8161,0.3012,3258.5354,37.4158,Non-spherical
266,1.0576,0.0309,1.4349,0.0082,69.9931,0.1851,3349.5822,37.4258,Spherical
267,0.9869,0.0216,1.4505,0.0059,82.5113,0.1549,3269.1851,37.4924,Spherical
268,1.8550,0.0513,1.3749,0.0019,70.5079,0.2314,2828.6612,38.0453,Non-spherical
269,1.0413,0.0304,1.4375,0.0070,89.6822,0.1583,2121.2228,38.1119,Spherical
270,1.5333,0.0965,1.3784,0.0084,66.9257,0.3377,2696.9298,38.1185,Spherical
271,1.7395,0.1288,1.3766,0.0230,87.6147,0.3999,2154.9111,38.3117,Spherical
272,1.0354,0.0524,1.4367,0.0145,70.0482,0.1721,2694.2399,38.3250,Spherical
273,1.0684,0.0316,1.4285,0.0086,70.0320,0.2042,3470.9112,38.5049,Spherical
274,1.0420,0.0069,1.4347,0.0017,65.3751,0.1584,3020.9848,38.6181,Spherical
275,2.5308,0.1092,1.3615,0.0033,91.9831,0.1800,1696.4415,38.9112,Non-spherical
276,1.0940,0.0345,1.4346,0.0064,64.4657,0.1313,2628.9995,38.9978,Spherical
277,1.0798,0.0503,1.4254,0.0100,87.8996,0.3139,2321.9713,39.0045,Spherical
278,0.2565,0.2137,2.0499,0.2641,97.3108,2.6006,890.2881,39.3708,Non-spherical
279,1.1750,0.0480,1.4216,0.0112,71.6661,0.0910,2871.1606,39.4108,Spherical
280,1.0031,0.0355,1.4478,0.0094,73.2756,0.1802,2939.6956,39.4108,Spherical
281,1.2931,0.0769,1.3546,0.0038,62.3421,0.2257,2858.5739,39.6173,Non-spherical
282,1.0485,0.0203,1.4360,0.0054,66.1069,0.1992,2982.9895,39.9170,Spherical
283,0.9929,0.0165,1.4535,0.0041,56.8402,0.1745,1710.1463,39.9970,Spherical
284,1.0382,0.0290,1.4337,0.0076,83.3429,0.2514,2817.8092,40.2901,Spherical
285,0.9987,0.0216,1.4424,0.0082,88.4381,0.0943,2745.7043,40.7364,Spherical
286,1.1100,0.0442,1.4258,0.0072,58.6193,0.1724,2085.6894,40.8363,Spherical
287,1.1175,0.0427,1.4248,0.0081,83.9171,0.1879,2937.2030,40.9029,Spherical
288,1.0604,0.0249,1.4314,0.0042,82.7953,0.2187,3048.7172,40.9429,Spherical
289,1.1506,0.0615,1.4203,0.0180,91.4859,3.0871,1828.7653,41.2759,Spherical
290,1.1197,0.2622,1.3459,0.3730,46.4480,2.4232,308.3616,41.3159,Non-spherical
291,1.0845,0.0182,1.4255,0.0045,56.8758,0.1660,1507.2822,41.3692,Spherical
292,1.0553,0.0368,1.4327,0.0065,89.9828,0.2812,2439.2694,41.7089,Spherical
293,1.0709,0.0282,1.4358,0.0081,71.1168,0.1757,3334.4476,41.9087,Spherical
294,0.9842,0.0281,1.4484,0.0085,63.4600,0.0860,2436.7841,42.3950,Spherical
295,1.3742,0.3761,1.3448,0.2274,43.7419,1.6186,10.0266,42.5016,Non-spherical
296,1.0397,0.0189,1.4370,0.0056,59.4906,0.1407,2194.1351,42.9212,Spherical
297,0.9606,0.0330,1.4496,0.0102,77.3142,0.1605,3557.1586,42.9146,Spherical
298,1.0396,0.0433,1.4404,0.0062,88.0696,0.2274,4512.4592,43.0844,Spherical
299,1.4777,0.1481,1.4009,0.0222,49.8276,0.2998,709.4013,43.2210,Spherical
300,1.0979,0.0606,1.4255,0.0120,82.2287,0.1028,5243.4225,43.1777,Spherical
301,1.0846,0.0335,1.4309,0.0126,66.9387,0.3308,3736.4436,43.7272,Spherical
302,1.0317,0.0338,1.4350,0.0103,69.6668,0.2740,4770.1700,43.8238,Spherical
303,1.0594,0.0285,1.4392,0.0058,87.8164,0.2352,3837.5181,43.8538,Spherical
304,1.0584,0.0233,1.4279,0.0033,67.7553,0.1772,4317.8342,43.9337,Spherical
305,1.0625,0.0122,1.4277,0.0029,79.2699,0.3635,4114.2807,44.0470,Spherical
306,1.0930,0.0267,1.4283,0.0053,81.5190,0.2517,4105.6368,44.0470,Spherical
307,3.4072,0.2300,1.3728,0.0076,48.9540,2.6317,2179.2616,44.0936,Non-spherical
308,0.4876,0.2367,1.4296,0.0589,64.9300,0.4613,3655.0704,44.1269,Non-spherical
309,1.0163,0.0221,1.4557,0.0094,63.3431,0.1995,3388.5496,44.1535,Spherical
310,2.5644,0.2538,1.3864,0.0153,50.0651,0.5451,647.4598,44.3634,Non-spherical
311,0.9382,0.0288,1.4549,0.0094,84.9764,0.2018,3539.9771,44.2668,Spherical
312,1.7452,0.1013,1.3899,0.0066,80.2761,0.4424,3728.3105,44.3534,Spherical
313,1.1810,0.0486,1.4457,0.0142,83.5856,0.2248,3193.7026,44.4133,Spherical
314,1.0672,0.0207,1.4335,0.0052,70.7120,0.2149,3344.8305,44.5665,Spherical
315,1.7811,0.0507,1.3906,0.0039,78.7127,0.1610,3186.1626,44.7197,Spherical
316,1.8288,0.0483,1.3720,0.0014,82.4621,0.1359,2923.5710,44.7264,Non-spherical
317,1.1271,0.0206,1.4263,0.0054,74.8255,0.2086,3244.5663,44.7530,Spherical
318,1.0238,0.0476,1.4373,0.0136,89.1234,0.2361,2251.9710,44.8063,Spherical
319,0.9303,0.0481,1.4538,0.0142,73.5715,0.0463,3238.3019,45.1993,Spherical
320,1.1410,0.0273,1.4188,0.0051,87.9756,0.1763,2448.5840,45.2993,Spherical
321,1.0822,0.0344,1.4245,0.0072,72.0510,0.1888,3210.3402,45.2959,Spherical
322,3.0085,0.1759,1.3708,0.0040,60.0362,0.6354,2738.3190,45.3592,Non-spherical
323,1.0244,0.0321,1.4405,0.0058,76.6587,0.1272,3076.5230,45.5257,Spherical
324,1.7769,0.1126,1.3825,0.0155,89.9259,0.2236,2073.1228,45.9187,Spherical
325,1.0608,0.0147,1.4343,0.0059,54.2001,0.1746,1205.7513,46.0719,Spherical
326,0.9537,0.0137,1.4561,0.0054,64.1390,0.1475,2878.6930,46.0853,Spherical
327,1.0806,0.0308,1.4238,0.0072,77.2143,0.1853,3368.3179,46.1985,Spherical
328,2.5880,0.2858,1.3586,0.0019,93.4842,1.8187,1465.8365,46.2784,Non-spherical
329,0.4721,0.0933,1.4251,0.0441,90.8803,2.1618,2155.7082,46.3983,Non-spherical
330,1.0325,0.0166,1.4352,0.0046,60.7757,0.2008,2526.5321,47.1244,Spherical
331,1.8749,0.0211,1.3710,0.0011,61.7223,0.1635,2517.1083,47.4575,Spherical
332,1.9950,0.3781,1.3430,0.0273,94.2520,0.9573,1675.5616,47.5574,Non-spherical
333,2.2326,0.0564,1.3675,0.0021,75.9019,0.4868,3111.1692,47.5640,Non-spherical
334,1.1221,0.0343,1.4174,0.0062,78.2386,0.1282,2906.3008,47.8838,Spherical
335,2.4668,0.0532,1.3652,0.0015,76.1161,0.1733,2872.5496,47.9637,Non-spherical
336,0.9793,0.0619,1.4422,0.0120,66.1715,0.1205,2983.9847,48.1702,Spherical
337,1.1190,0.0602,1.4258,0.0285,76.1042,0.1845,3403.1915,48.2701,Spherical
338,1.1211,0.0678,1.4227,0.0151,90.8015,0.2257,2001.7361,48.3101,Spherical
339,1.0072,0.0288,1.4542,0.0070,65.0698,0.1578,2697.7849,48.6498,Spherical
340,0.7038,0.0857,1.3870,0.0236,65.0344,0.2841,2690.4625,48.7098,Non-spherical
341,1.7651,0.0501,1.3812,0.0040,57.7257,0.0349,1694.3638,48.9163,Spherical
342,1.0869,0.0297,1.4276,0.0086,87.2334,0.2145,2124.9314,49.0228,Spherical
343,1.0237,0.0590,1.4402,0.0106,87.4428,0.2927,2302.4869,49.5757,Spherical
344,0.8913,0.2619,1.8795,0.2822,45.5693,1.6144,5.6219,49.8055,Non-spherical
345,1.4588,0.0704,1.4026,0.0115,81.5491,0.2442,2620.4986,50.1419,Spherical
346,0.8248,0.1915,1.3615,0.1164,47.9668,3.1829,2501.8754,50.6948,Non-spherical
347,1.3742,0.2135,1.3447,0.0020,40.7652,0.8372,1.9391,51.0079,Non-spherical
348,0.9901,0.0231,1.4439,0.0031,87.1339,0.4515,2801.7335,51.3143,Spherical
349,1.0079,0.0310,1.4404,0.0081,57.4704,0.1560,1810.5251,51.5541,Spherical
350,1.2590,0.2525,1.4564,0.0336,83.1704,4.7654,2642.7633,51.6007,Non-spherical
351,2.0508,0.0409,1.3825,0.0028,75.3320,0.2860,2986.4418,52.0070,Non-spherical
352,2.3489,0.1842,1.3649,0.0044,66.3104,0.8276,2803.1921,52.0204,Non-spherical
353,1.3560,0.1413,1.3750,0.0330,58.0805,0.2101,1916.7907,52.6265,Spherical
354,1.0289,0.0320,1.4346,0.0061,89.8058,0.3288,2200.3717,52.6998,Spherical
355,1.0564,0.0341,1.4266,0.0076,72.1912,0.2265,3245.6133,52.7331,Spherical
356,0.3994,0.0790,1.4844,0.0492,63.3055,3.8482,2508.7364,52.8730,Non-spherical
357,1.0501,0.0239,1.4322,0.0050,86.1529,0.1590,2439.1259,53.0662,Spherical
358,1.0630,0.0397,1.4350,0.0151,67.6705,0.2148,2646.0921,53.1461,Spherical
359,1.0742,0.0412,1.4271,0.0088,68.3177,0.1900,2655.2491,53.2260,Spherical
360,2.2036,0.1327,1.3678,0.0053,55.9418,0.2878,1527.5139,53.2860,Non-spherical
361,0.5423,0.2041,1.6982,0.1978,48.8285,2.3817,2.2442,53.4492,Non-spherical
362,1.0530,0.0266,1.4350,0.0065,64.1676,0.1926,2879.6846,53.4925,Spherical
363,0.3774,0.0389,1.5235,0.0403,63.7718,4.8783,2759.5217,53.5391,Non-spherical
364,1.0875,0.0105,1.4284,0.0031,63.3169,0.2350,2635.8070,53.6457,Spherical
365,1.1167,0.0413,1.4074,0.0061,63.5754,0.2447,2662.1699,53.6990,Spherical
366,0.6188,0.3248,1.5984,0.2260,46.0744,3.9370,115.3674,53.8055,Non-spherical
367,1.4928,0.0247,1.4221,0.0028,71.6446,0.1672,3085.1305,53.9321,Spherical
368,1.0280,0.0293,1.4402,0.0061,66.0511,0.1331,2565.5263,54.0986,Spherical
369,2.0226,0.0368,1.4145,0.0034,68.9412,0.2544,2619.4299,54.1986,Spherical
370,1.5833,0.0933,1.3856,0.0113,68.2361,0.2116,2622.9330,54.3451,Spherical
371,0.3271,0.3890,1.8693,0.1847,44.7604,1.2801,15.2054,54.5083,Non-spherical
372,1.0788,0.0589,1.4307,0.0182,82.9321,0.2235,2947.2867,54.6382,Spherical
373,2.3475,0.0634,1.3664,0.0027,95.5513,0.2803,945.0537,55.0046,Spherical
374,1.0273,0.0232,1.4292,0.0076,57.2086,0.1129,1504.9971,55.2910,Spherical
375,0.6361,0.0152,1.9516,0.0152,83.0476,0.2016,2712.8811,55.3076,Spherical
376,1.0663,0.0220,1.4268,0.0035,57.6980,0.2823,2047.6100,55.6174,Spherical
377,1.6846,0.0601,1.3827,0.0050,66.6805,0.3205,3070.5866,55.6507,Spherical
378,1.0696,0.0810,1.4342,0.0290,77.0835,0.1338,3127.3916,55.8705,Spherical
379,1.8763,0.1079,1.3773,0.0100,61.8004,0.1331,2413.1138,56.0770,Non-spherical
380,0.2333,0.0062,2.4679,0.0661,55.8572,0.1348,1297.8369,56.3035,Non-spherical
381,1.5526,0.0960,1.4308,0.0094,70.1563,0.2793,2758.0344,56.4833,Spherical
382,1.4903,0.0174,1.4310,0.0022,70.6478,0.4612,2676.7955,56.4900,Non-spherical
383,1.0365,0.0202,1.4309,0.0060,62.2502,0.2870,2114.6924,56.5633,Spherical
384,3.4143,0.3115,1.3557,0.0094,55.7315,0.3923,1846.0102,56.6698,Non-spherical
385,1.8677,0.0473,1.3759,0.0036,67.4734,0.1940,2628.2691,57.5624,Spherical
386,1.3346,0.0793,1.4191,0.0146,77.4281,0.1066,3303.1245,57.7423,Spherical
387,1.1574,0.0145,1.4819,0.0075,74.4036,0.1253,3414.4845,57.7956,Spherical
388,1.0453,0.0308,1.4311,0.0040,74.6082,0.3684,3372.7683,57.8622,Spherical
389,1.0737,0.0298,1.4230,0.0077,71.7029,0.2030,3175.8604,57.9621,Spherical
390,0.3003,0.0033,2.3627,0.0774,63.3483,0.2019,2484.9974,58.0787,Spherical
391,1.7755,0.1273,1.3765,0.0162,59.4239,0.4423,2050.5982,58.3418,Non-spherical
392,1.1387,0.0582,1.4297,0.0103,69.3661,0.2019,2932.7047,58.3351,Spherical
393,0.7240,0.0990,1.3873,0.0325,64.4942,0.1970,2418.8302,58.6016,Non-spherical
394,2.8502,0.2336,1.3500,0.0027,81.4051,0.4980,2777.8551,58.7748,Non-spherical
395,1.1226,0.0254,1.4153,0.0050,78.6825,0.1648,3420.7775,58.8081,Spherical
396,1.0567,0.0329,1.4307,0.0061,78.5409,0.1321,2950.8089,59.3743,Spherical
397,1.1205,0.0246,1.4194,0.0048,67.5503,0.1679,2733.1263,59.4609,Spherical
398,2.9057,0.1105,1.3739,0.0020,55.5931,1.6205,2151.7951,59.8672,Non-spherical
399,1.3849,0.1394,1.3495,0.0063,58.0152,0.3413,2072.2936,59.9838,Non-spherical
400,0.9980,0.0211,1.4528,0.0044,72.7132,0.1934,3414.3695,60.0937,Spherical
401,1.0494,0.0452,1.4257,0.0126,84.1166,0.2408,2856.5106,60.1403,Spherical
402,1.0347,0.0307,1.4387,0.0082,92.8634,0.1641,1941.6758,60.1669,Spherical
403,1.6383,0.2086,1.4049,0.0265,82.4527,0.0672,2805.5174,60.2535,Spherical
404,1.0761,0.0501,1.4098,0.0109,84.2080,0.3050,2553.8365,60.6532,Spherical
405,2.0274,0.0324,1.4019,0.0032,60.6278,0.3136,2143.8685,60.7331,Non-spherical
406,0.9818,0.0335,1.4614,0.0116,78.1609,0.1633,2895.4722,60.7798,Spherical
407,0.6600,0.0343,1.4590,0.0178,64.6082,0.2220,2809.8679,61.2127,Spherical
408,0.9831,0.0249,1.4580,0.0075,75.9430,0.2547,3353.2905,61.3060,Spherical
409,1.0943,0.0546,1.4249,0.0155,78.9807,0.1734,3172.3701,61.3793,Spherical
410,0.2114,0.0056,2.7049,0.1165,61.4800,0.0735,2311.7310,61.4126,Non-spherical
411,1.0285,0.0297,1.4491,0.0079,63.5591,0.2547,2467.6812,61.6191,Spherical
412,1.0532,0.0420,1.4413,0.0106,91.2608,0.2838,1816.5921,61.6524,Spherical
413,1.0685,0.0239,1.4272,0.0066,87.5962,0.3208,3671.1974,62.2119,Spherical
414,0.6720,0.1206,1.4270,0.0398,82.5484,2.4869,4453.7294,62.2585,Non-spherical
415,1.0217,0.0229,1.4539,0.0061,62.6550,0.1671,3796.0474,62.2719,Spherical
416,2.2315,0.0370,1.3820,0.0020,75.7867,0.0469,4271.2115,62.5883,Non-spherical
417,0.9614,0.0220,1.4680,0.0080,61.6863,0.1909,3076.5610,62.6316,Spherical
418,0.9812,0.0269,1.4557,0.0112,56.6273,0.2153,1927.4288,62.7781,Spherical
419,2.3869,0.1572,1.3636,0.0053,83.1039,0.4718,3040.5993,62.8181,Non-spherical
420,2.1314,0.0668,1.3713,0.0020,65.4570,0.3278,3156.5837,62.9247,Non-spherical
421,0.9585,0.0250,1.4461,0.0056,65.1025,0.1160,3034.9696,62.9979,Spherical
422,1.6184,0.1269,1.3452,0.0010,60.3010,0.9086,2343.6023,63.0046,Non-spherical
423,1.7664,0.0706,1.3767,0.0060,95.4567,0.3695,1396.3343,63.0446,Spherical
424,0.8834,0.0397,1.4802,0.0137,59.9909,0.1533,2786.5717,63.0645,Spherical
425,0.8609,0.4103,1.5831,0.3493,44.7177,2.8824,2.3405,63.1345,Non-spherical
426,1.0377,0.0166,1.4296,0.0028,80.6365,0.2238,3781.1700,63.2444,Spherical
427,1.8190,0.0835,1.3434,0.0004,96.8424,0.2811,1044.0185,63.3710,Non-spherical
428,2.4830,0.0208,1.3656,0.0008,74.7489,0.2098,3538.8990,63.5175,Non-spherical
429,1.0440,0.0359,1.4261,0.0079,83.5841,0.2123,2941.2099,63.6840,Spherical
430,1.9216,0.0328,1.3690,0.0021,78.1797,0.1118,3104.3820,63.8106,Non-spherical
431,2.0135,0.3337,1.3886,0.0090,81.0760,2.1764,2791.3599,63.8905,Non-spherical
432,1.0430,0.0306,1.4441,0.0055,62.3431,0.2477,2338.4034,63.9505,Spherical
433,1.0420,0.0640,1.4329,0.0227,61.1842,0.1864,2127.1728,63.9971,Spherical
434,0.6788,0.0117,1.5264,0.0047,84.5059,0.2205,2589.6556,64.0770,Spherical
435,1.8732,0.0605,1.3722,0.0037,67.0479,0.2289,2868.6996,64.5433,Non-spherical
436,0.8603,0.0492,1.4130,0.0101,72.9422,0.2352,3155.4496,64.6432,Spherical
437,1.0735,0.0364,1.4359,0.0069,79.9977,0.2753,3426.0754,65.2094,Spherical
438,4.1425,0.1223,1.3478,0.0005,68.8273,1.3389,2787.8415,65.9155,Non-spherical
439,1.4938,0.0526,1.4265,0.0076,67.6876,0.0609,2576.8734,66.0821,Spherical
440,1.8965,0.0645,1.3709,0.0013,78.4718,0.6738,2547.2446,66.1287,Non-spherical
441,0.3124,0.2886,2.2104,0.2387,48.3830,1.4922,12.6280,66.4151,Non-spherical
442,1.0538,0.0572,1.4364,0.0099,78.7785,0.2563,3264.3718,66.4018,Spherical
443,1.9556,0.0864,1.3734,0.0043,61.2655,0.4980,2434.1387,66.4751,Non-spherical
444,1.4181,0.0247,1.3909,0.0029,76.7394,0.2502,3144.0931,66.5816,Spherical
445,2.4483,0.0577,1.3655,0.0016,71.4880,0.2194,3086.3461,66.6549,Non-spherical
446,0.1979,0.0306,2.3054,0.1124,82.3594,4.6643,2777.9235,66.7215,Non-spherical
447,5.6212,0.4021,1.3489,0.0031,55.5769,2.2543,2032.9227,66.7781,Non-spherical
448,1.6743,0.3775,1.3445,0.4140,42.9486,1.6411,7.6136,66.8381,Non-spherical
449,1.0020,0.0085,1.4499,0.0045,93.7387,0.2711,1608.9492,66.8947,Spherical
450,2.4758,0.1750,1.3677,0.0086,62.5139,0.2659,2405.1921,66.9413,Non-spherical
451,0.2718,0.4517,1.9002,0.2937,44.7172,2.1545,20.2207,67.0346,Non-spherical
452,1.1026,0.0390,1.4355,0.0093,75.2921,0.2056,2676.3200,67.1345,Spherical
453,1.1108,0.0189,1.4184,0.0045,77.2649,0.2502,3169.1020,67.3610,Spherical
454,2.2191,0.1140,1.3679,0.0066,93.4948,0.4980,1581.6656,67.4409,Non-spherical
455,2.4684,0.1392,1.3664,0.0052,66.5699,1.1674,3019.5804,67.4676,Non-spherical
456,1.4996,0.3281,1.3466,0.3234,41.2751,1.9127,11.1173,67.6141,Non-spherical
457,1.1584,0.0124,1.4187,0.0038,74.7887,0.1933,2927.3523,67.7940,Spherical
458,1.1003,0.0289,1.4326,0.0076,63.0411,0.2234,2269.5000,67.9005,Spherical
459,1.0593,0.0396,1.4405,0.0072,67.4084,0.1587,2605.4270,67.9139,Spherical
460,0.9705,0.0545,1.4562,0.0193,75.1318,0.1679,2546.2747,68.1204,Non-spherical
461,0.2684,0.3538,2.0063,0.3858,44.7766,1.7945,69.9000,68.2369,Non-spherical
462,2.1779,0.0558,1.3686,0.0032,64.5595,0.1953,2258.7574,68.3235,Non-spherical
463,1.0883,0.0201,1.4073,0.0035,68.2903,0.1523,2715.5832,68.4001,Spherical
464,1.0031,0.0206,1.4465,0.0032,72.3570,0.1394,2853.2197,69.0063,Spherical
465,1.0175,0.0539,1.4332,0.0113,87.5980,0.2381,2136.0082,69.0396,Spherical
466,1.8850,0.0233,1.3909,0.0024,71.4754,0.3025,2604.3148,69.2794,Spherical
467,1.0420,0.0120,1.4305,0.0056,66.9372,0.1415,2454.0883,69.2927,Spherical
468,1.2812,0.0919,1.3525,0.0029,63.9048,1.3504,2146.8892,69.3926,Non-spherical
469,1.0641,0.0437,1.4283,0.0121,64.4558,0.2402,2787.6760,69.5192,Spherical
470,1.0650,0.0370,1.4332,0.0054,85.8688,0.2076,2718.4703,69.5525,Spherical
471,2.4399,0.1107,1.3939,0.0054,68.5852,0.2164,2985.3673,69.8856,Non-spherical
472,0.9457,0.0419,1.4518,0.0122,78.1085,0.2164,2924.0300,70.0188,Spherical
473,1.7679,0.0433,1.3815,0.0036,55.9931,0.2620,1475.8957,70.0721,Spherical
474,1.7129,0.0210,1.3439,0.0004,38.6663,0.2198,1.8396,70.3785,Non-spherical
475,1.6195,0.1083,1.3933,0.0129,88.9266,0.2184,2214.8076,70.5517,Spherical
476,1.0381,0.0084,1.4343,0.0040,60.2425,0.1248,2002.2232,70.9647,Spherical
477,2.6713,0.0885,1.3671,0.0028,82.7365,0.1066,2673.5353,70.9780,Non-spherical
478,0.4421,0.0170,1.9563,0.0126,82.0397,0.2564,2432.6355,71.1978,Spherical
479,1.0943,0.0474,1.4291,0.0123,91.9063,0.2952,1488.2025,71.3377,Spherical
480,1.0043,0.0392,1.4404,0.0106,90.6775,0.2013,1764.8193,71.4643,Spherical
481,1.5761,0.1236,1.3445,0.0005,43.8755,1.3316,91.9421,71.6508,Non-spherical
482,0.3154,0.0059,2.0133,0.0511,71.8982,0.3144,3162.1547,71.7507,Non-spherical
483,1.5486,0.2876,1.3435,0.0352,99.1442,2.1025,653.8867,71.8240,Non-spherical
484,1.6488,0.0620,1.3881,0.0052,61.6813,0.3322,2320.9028,71.8240,Non-spherical
485,1.0455,0.0199,1.4388,0.0045,55.3079,0.1772,1237.7681,71.9239,Spherical
486,1.1144,0.0612,1.4374,0.0133,80.4782,0.2843,2841.3679,72.8964,Spherical
487,1.0138,0.0264,1.4321,0.0068,71.4138,0.1718,3095.3455,72.9031,Spherical
488,1.0388,0.0313,1.4365,0.0078,83.6931,0.2472,2716.0686,73.0496,Spherical
489,0.4268,0.0866,1.4641,0.0894,80.5907,3.2140,3029.2663,73.0463,Non-spherical
490,1.0475,0.0159,1.4467,0.0053,57.8620,0.2468,1474.5161,73.5559,Spherical
491,1.6332,0.1242,1.4112,0.0129,66.5399,0.2655,2425.7753,73.5892,Spherical
492,1.8412,0.1419,1.3761,0.0262,91.4261,0.2258,1638.1244,73.6025,Spherical
493,1.8301,0.0406,1.3572,0.0011,57.9807,0.2837,1582.6108,73.6891,Spherical
494,1.0774,0.0272,1.4187,0.0070,85.6692,0.1692,2789.2672,73.7957,Spherical
495,1.8775,0.0528,1.3694,0.0038,62.6743,0.0889,2618.0367,74.0621,Non-spherical
496,1.3911,0.3175,1.3430,0.0082,96.7581,3.2310,848.6210,74.2686,Non-spherical
497,1.8336,0.0190,1.3756,0.0008,57.4864,0.3046,1553.3430,74.7815,Non-spherical
498,1.0984,0.0361,1.4346,0.0089,68.1325,0.1871,3049.0927,74.9081,Spherical
499,0.2411,0.0066,2.3580,0.1156,99.7780,0.4652,443.1113,75.0213,Non-spherical
500,1.7216,0.0451,1.4065,0.0049,79.7046,0.3319,3028.0755,75.0546,Non-spherical
501,2.0960,0.1112,1.3733,0.0092,85.9217,0.2721,2623.4810,75.1346,Spherical
502,0.2348,0.0219,2.2894,0.2016,99.6107,4.0231,231.0439,75.2012,Non-spherical
503,1.0600,0.0356,1.4395,0.0105,93.1591,0.1316,1625.8415,75.4143,Spherical
504,1.0400,0.0356,1.4229,0.0069,67.3689,0.1625,2504.0230,75.5875,Spherical
505,1.0727,0.0489,1.4397,0.0127,68.7960,0.2639,2539.4734,75.6941,Spherical
506,1.1239,0.0475,1.4232,0.0099,64.6785,0.3457,2215.7441,75.7341,Non-spherical
507,1.0920,0.0245,1.4347,0.0058,80.0171,0.1378,2474.0589,75.7441,Spherical
508,2.4833,0.1454,1.3650,0.0041,65.2548,1.0536,3044.6765,76.0138,Non-spherical
509,0.7539,0.0614,1.3963,0.0147,63.7299,0.1500,2259.1941,76.7665,Spherical
510,1.5637,0.1859,1.4022,0.0206,87.4628,0.0562,4196.5560,77.2761,Spherical
511,0.4871,0.3615,1.9992,0.4314,48.8542,2.8040,,77.4027,Non-spherical
512,1.2059,0.0342,1.4337,0.0075,57.6285,0.1363,2805.8320,77.4193,Spherical
513,1.1428,0.0214,1.4210,0.0025,89.7941,0.2472,3072.1884,77.5159,Spherical
514,1.3034,0.1068,1.3778,0.0146,49.3479,2.3603,1651.8019,77.7757,Spherical
515,0.4113,0.0705,1.4556,0.0472,66.4984,0.4779,4137.0855,77.5592,Non-spherical
516,1.0403,0.0268,1.4379,0.0080,66.0636,0.2200,3831.8628,77.7790,Spherical
517,1.7700,0.1132,1.3754,0.0134,57.8466,0.2226,2423.0019,77.8257,Spherical
518,0.6864,0.0637,1.4989,0.0285,81.3281,0.1335,3817.8032,77.9655,Spherical
519,1.6786,0.1129,1.3862,0.0221,52.4310,0.2331,1353.2158,78.1121,Spherical
520,1.8537,0.0225,1.3746,0.0019,76.2832,0.4095,4237.6470,78.1621,Spherical
521,1.0159,0.0119,1.4447,0.0050,77.4386,0.2281,4304.3506,78.1687,Spherical
522,1.0454,0.0290,1.4459,0.0081,74.4621,0.2401,4376.3544,78.1987,Spherical
523,1.8158,0.0396,1.3736,0.0019,65.1814,0.2064,3721.1258,78.2586,Spherical
524,1.8644,0.0752,1.3735,0.0048,62.1938,0.2432,3271.0396,78.2720,Non-spherical
525,1.0226,0.0360,1.4375,0.0116,82.0676,0.1897,3640.7487,78.5051,Spherical
526,1.1139,0.0351,1.4342,0.0071,61.0780,0.1957,2660.7228,78.5651,Spherical
527,0.6477,0.2669,1.3482,0.2747,48.4162,2.1862,6.0362,78.8115,Non-spherical
528,2.3321,0.1965,1.3678,0.0087,94.0058,0.4546,1397.7922,79.0979,Non-spherical
529,1.1114,0.0286,1.4210,0.0075,62.9469,0.1139,2471.0414,79.1013,Spherical
530,0.8513,0.0401,1.3992,0.0074,64.1411,0.2380,3051.9129,79.1779,Spherical
531,1.3467,0.1749,1.3430,0.1075,42.5760,2.9784,15.8793,79.3877,Non-spherical
532,1.0321,0.0266,1.4240,0.0040,87.9141,0.3650,2609.8906,79.5975,Spherical
533,0.9488,0.2960,1.6797,0.1653,44.8631,1.6444,7.0584,79.8673,Non-spherical
534,0.9870,0.0287,1.4458,0.0063,75.8050,0.2469,2913.9885,79.9206,Spherical
535,0.9546,0.0354,1.4439,0.0133,76.5077,0.1447,3009.6372,80.0238,Spherical
536,2.1529,0.1980,1.3671,0.0180,56.1620,0.3936,1829.4310,80.1970,Non-spherical
537,0.3794,0.3323,1.7924,0.2510,47.6471,1.8631,28.5002,80.4035,Non-spherical
538,1.0879,0.0324,1.4304,0.0068,78.7996,0.1667,3342.7141,80.4169,Spherical
539,1.0314,0.0274,1.4380,0.0047,65.4876,0.2230,2862.0242,80.4635,Spherical
540,0.2909,0.2960,2.0286,0.1814,44.6852,1.3915,11.4892,80.9164,Non-spherical
541,2.1454,0.2301,1.3705,0.0036,65.1595,1.1587,3066.9268,81.2562,Non-spherical
542,1.7142,0.5158,1.3446,0.5520,40.5574,3.5677,,81.3960,Non-spherical
543,2.9631,0.1073,1.3537,0.0021,74.7457,1.4908,3255.8087,81.5959,Non-spherical
544,0.2546,0.3596,2.0427,0.3451,46.6254,1.6566,25.7524,81.6525,Non-spherical
545,1.0784,0.0254,1.4326,0.0040,86.5788,0.1221,2501.7956,81.8756,Spherical
546,0.9802,0.0328,1.4454,0.0110,62.2066,0.3163,2137.8593,82.0488,Spherical
547,0.4176,0.2815,1.6738,0.2822,47.2983,3.1622,54.1478,82.1188,Non-spherical
548,1.1166,0.0508,1.4164,0.0054,75.1467,0.2943,2811.3061,82.2287,Spherical
549,1.6266,0.0559,1.3907,0.0056,71.6136,0.1248,2684.3305,82.2753,Spherical
550,1.6964,0.3460,1.3440,0.0010,40.9659,5.2360,106.2192,82.3020,Non-spherical
551,0.5178,0.0320,1.4368,0.0191,86.6062,0.3016,2846.0324,82.4152,Non-spherical
552,1.0972,0.0248,1.4352,0.0036,51.5158,0.1399,621.1361,82.6483,Spherical
553,1.7678,0.0467,1.3790,0.0037,57.4917,0.4462,1971.3870,82.5617,Non-spherical
554,0.4231,0.1563,1.4984,0.0820,70.2752,0.3615,3134.8429,82.7083,Non-spherical
555,0.2050,0.5158,2.4947,0.4903,47.9307,2.8384,,82.8415,Non-spherical
556,1.0419,0.0455,1.4330,0.0125,79.6455,0.0977,2947.0875,82.8815,Spherical
557,1.5977,0.2676,1.3454,0.2367,42.5534,1.1171,18.8923,83.3511,Non-spherical
558,1.1299,0.0204,1.4199,0.0047,66.2229,0.1013,3048.5709,83.4743,Spherical
559,1.2744,0.2067,1.3551,0.0528,63.1225,0.1909,2608.4108,83.6808,Non-spherical
560,1.7551,0.0848,1.3804,0.0039,58.6873,0.2140,2089.2530,83.7608,Spherical
561,2.1196,0.0492,1.3691,0.0019,85.8180,0.4448,2578.2248,83.8540,Non-spherical
562,1.0430,0.0278,1.4398,0.0061,70.0588,0.1565,2840.8924,84.0139,Spherical
563,1.0886,0.0451,1.4301,0.0082,61.0809,0.1293,1964.9324,84.2270,Spherical
564,1.0761,0.0137,1.4393,0.0038,79.2611,0.2287,3162.9913,84.7599,Spherical
565,1.0906,0.0201,1.4284,0.0033,64.9398,0.3391,2649.6651,84.8732,Spherical
566,1.0719,0.0283,1.4345,0.0062,60.0923,0.1196,2135.9117,84.9431,Spherical
567,2.8687,0.0656,1.3599,0.0016,81.9644,0.4121,2540.1739,85.1596,Non-spherical
568,1.1178,0.0285,1.4223,0.0045,79.5830,0.3246,3201.3408,85.6126,Spherical
569,2.7026,0.3525,1.3839,0.0116,61.4783,1.0122,2975.6031,85.7258,Non-spherical
570,1.1127,0.0181,1.4261,0.0064,97.4567,0.1159,923.5230,85.8057,Spherical
571,1.7588,0.0313,1.3770,0.0023,69.8458,0.1690,3328.6896,85.7658,Non-spherical
572,1.7596,0.1194,1.3770,0.0163,92.0321,0.4148,1911.0594,85.9123,Spherical
573,1.6514,0.0566,1.3859,0.0037,63.2794,0.0910,2734.1587,85.9656,Non-spherical
574,1.0944,0.0168,1.4287,0.0049,79.4758,0.1923,3082.3658,86.0056,Spherical
575,1.0672,0.0579,1.4374,0.0105,84.9659,0.1698,2604.4859,86.1787,Spherical
576,1.1711,0.0214,1.4199,0.0030,94.2001,0.2221,1380.2671,86.4252,Spherical
577,0.6411,0.0460,1.4131,0.0167,66.4175,0.2340,2593.2274,86.4186,Non-spherical
578,2.5377,0.1502,1.3721,0.0064,57.1277,0.9770,2007.0495,86.6450,Non-spherical
579,1.9043,0.0307,1.3885,0.0027,69.4649,0.3314,3230.1417,86.6517,Spherical
580,0.9896,0.0400,1.4467,0.0093,87.3207,0.1974,2592.9072,87.0647,Spherical
581,1.5348,0.1315,1.3999,0.0270,91.3057,0.3336,2124.9857,87.6708,Spherical
582,1.6760,0.0638,1.3826,0.0043,54.8019,0.2758,1469.5843,87.7574,Spherical
583,1.7908,0.0754,1.3781,0.0067,78.7039,0.1140,3235.8500,87.8107,Spherical
584,1.1209,0.0469,1.4270,0.0098,70.1711,0.2666,3157.3551,87.8507,Spherical
585,1.9774,0.0213,1.3676,0.0010,81.1097,0.3031,3178.1070,87.8840,Non-spherical
586,3.0355,0.1261,1.3695,0.0029,84.1721,0.5849,2594.9721,87.9240,Non-spherical
587,1.0754,0.0475,1.4212,0.0114,81.1383,0.2856,2962.7485,87.9906,Spherical
588,1.0600,0.0305,1.4271,0.0058,72.4132,0.2340,2996.4138,88.0372,Non-spherical
589,2.9824,0.1967,1.3536,0.0039,82.4059,1.4234,2279.1158,88.1505,Non-spherical
590,1.7805,0.0162,1.3750,0.0008,74.7059,0.5307,3116.0607,88.1571,Non-spherical
591,2.4191,0.0741,1.3590,0.0014,78.9824,0.3148,2876.4447,88.3103,Non-spherical
592,1.5871,0.0963,1.3453,0.0010,40.9820,0.7508,155.0673,88.3569,Non-spherical
593,1.0637,0.0326,1.4398,0.0043,87.0316,0.2214,2270.4159,88.6034,Spherical
594,1.1376,0.0431,1.4223,0.0081,76.1638,0.3029,3460.4257,88.8232,Spherical
595,1.4555,0.3468,1.3443,0.0100,41.3840,2.7648,44.8224,88.8965,Non-spherical
596,1.0718,0.0307,1.4329,0.0058,83.6663,0.2062,4649.0798,89.0397,Spherical
597,1.0752,0.0297,1.4298,0.0058,67.2186,0.2378,3987.0372,89.2828,Spherical
598,1.7898,0.0388,1.3762,0.0032,86.2173,0.2209,3479.9942,89.3561,Spherical
599,0.9854,0.0484,1.4527,0.0107,85.1527,0.1747,3470.2140,89.5093,Spherical
600,2.8784,0.1318,1.3545,0.0037,46.1080,0.6849,906.1156,89.6259,Non-spherical
601,1.0509,0.0279,1.4344,0.0103,83.9291,0.1956,3447.8710,89.6326,Spherical
602,1.8858,0.0444,1.3724,0.0020,88.4587,0.2241,2684.7219,89.7758,Spherical
603,1.0340,0.0154,1.4449,0.0007,81.3048,0.2450,4201.9103,89.8790,Spherical
604,2.5670,0.0391,1.3737,0.0030,70.3212,0.3589,4141.6557,90.0356,Non-spherical
605,1.5547,0.0315,1.3796,0.0024,72.6335,0.0979,3964.3269,90.1421,Spherical
606,1.0314,0.0335,1.4260,0.0083,81.8579,0.1596,3623.6391,90.1488,Spherical
607,1.8046,0.1133,1.3904,0.0100,85.0682,0.3339,3189.4098,90.1621,Spherical
608,0.4196,0.0570,1.5459,0.0851,80.0725,1.9063,3811.6913,90.2021,Spherical
609,1.0692,0.0495,1.4314,0.0089,74.9721,0.2091,3173.8393,90.8349,Spherical
610,1.0954,0.0275,1.4297,0.0063,74.1251,0.2534,3278.9473,90.9015,Spherical
611,1.0979,0.0309,1.4331,0.0052,76.9757,0.1376,3396.1114,91.2812,Spherical
612,1.0778,0.0366,1.4413,0.0089,56.8673,0.1280,1655.6733,91.3878,Spherical
613,1.0805,0.0409,1.4304,0.0098,65.1176,0.1498,2609.5423,91.6542,Spherical
614,0.9866,0.0362,1.4551,0.0087,75.4416,0.1572,3114.0243,91.7208,Spherical
615,2.1577,0.0900,1.3734,0.0051,54.6146,1.4671,1003.9908,92.1804,Non-spherical
616,1.9721,0.0419,1.3756,0.0024,74.6188,0.1338,3528.0831,92.1738,Non-spherical
617,1.2875,0.0421,1.4143,0.0079,79.8426,0.2329,3196.5209,92.2870,Spherical
618,2.4311,0.0466,1.3694,0.0013,76.8752,0.3032,2825.4847,92.8999,Non-spherical
619,1.8456,0.1121,1.3758,0.0098,89.8444,0.1567,1874.3978,92.9665,Spherical
620,2.7059,0.0732,1.3629,0.0008,80.3427,0.4444,2850.0592,93.6659,Non-spherical
621,2.1674,0.0294,1.3690,0.0013,68.5107,0.2480,2905.0800,93.9024,Non-spherical
622,1.0642,0.0637,1.3706,0.0067,73.0265,0.2694,2825.9996,94.0722,Non-spherical
623,1.1184,0.0261,1.4254,0.0057,54.1140,0.0926,1259.5152,94.2654,Spherical
624,1.0708,0.0376,1.4219,0.0077,84.4713,0.1963,3156.6620,94.3653,Spherical
625,1.0797,0.0265,1.4315,0.0054,84.1195,0.2410,2901.0579,94.3720,Spherical
626,1.2193,0.1959,1.3545,0.0226,86.2574,0.2164,2642.6542,94.4919,Non-spherical
627,1.2114,0.0107,1.4582,0.0025,78.6253,0.1164,3135.4822,94.6384,Spherical
628,0.9858,0.0420,1.4466,0.0105,87.1896,0.1815,2624.1560,94.6517,Spherical
629,2.2535,0.0812,1.3660,0.0029,79.8129,0.3731,2960.3945,94.7417,Non-spherical
630,1.4934,0.1518,1.3427,0.0011,43.9633,0.7730,3.1415,95.1180,Non-spherical
631,0.8404,0.0599,1.4286,0.0230,73.1606,0.2389,3229.5540,95.5044,Spherical
632,1.0312,0.0224,1.4417,0.0059,59.6757,0.1859,2184.3610,95.6243,Spherical
633,0.9774,0.4145,1.6354,0.2385,44.5617,0.9270,13.3178,95.7975,Non-spherical
634,0.9920,0.2385,1.3591,0.0263,97.0686,0.8728,960.9482,96.0539,Non-spherical
635,1.0046,0.0438,1.4431,0.0135,67.7519,0.1844,2797.3424,96.1105,Spherical
636,1.0893,0.0118,1.4297,0.0038,78.6367,0.2790,3424.1701,96.3870,Spherical
637,1.0604,0.0375,1.4275,0.0096,91.5680,0.1629,2187.1684,96.5368,Spherical
638,1.0476,0.0301,1.4347,0.0078,61.7831,0.2588,2637.0043,96.5502,Spherical
639,1.4580,0.0629,1.4068,0.0049,72.5841,0.1754,3350.6702,96.6101,Spherical
640,1.2193,0.3097,1.3476,0.2412,44.6241,1.8011,10.8352,96.6834,Non-spherical
641,1.0952,0.0572,1.4235,0.0155,67.4412,0.1390,3018.1102,96.6834,Spherical
642,2.3077,0.0395,1.3941,0.0029,79.8364,0.5593,3103.0422,96.8366,Non-spherical
643,2.2519,0.0891,1.3663,0.0026,64.4532,0.4131,2760.0055,96.9632,Non-spherical
644,1.0728,0.0166,1.4299,0.0035,52.1202,0.1259,621.2686,97.2662,Spherical
645,1.1550,0.0287,1.4254,0.0051,78.0570,0.1688,3001.8437,97.2030,Spherical
646,1.1224,0.0254,1.4259,0.0048,79.6251,0.2130,2939.7437,97.2696,Spherical
647,0.9028,0.0537,1.3995,0.0118,89.2627,0.4029,2735.0390,97.6159,Spherical
648,1.0372,0.3511,1.3617,0.3323,43.9414,2.2140,,97.9757,Non-spherical
649,1.0561,0.0179,1.4273,0.0038,78.5831,0.2593,3215.7442,98.2354,Spherical
650,1.4903,0.2193,1.3422,0.0022,40.2346,2.2663,123.4911,98.3620,Non-spherical
651,1.0483,0.0413,1.4346,0.0095,73.4714,0.1684,3991.7670,98.3853,Spherical
652,1.1074,0.0254,1.4288,0.0076,58.6054,0.2438,2357.1937,98.4619,Spherical
653,2.0278,0.0413,1.3959,0.0032,77.5712,0.4877,3485.4188,98.6085,Non-spherical
654,1.0803,0.0292,1.4269,0.0073,71.5281,0.2362,3660.7311,98.6085,Spherical
655,1.4741,0.2944,1.3427,0.0008,40.5869,5.7009,741.1414,98.7683,Non-spherical
656,0.5041,0.0731,1.5626,0.0546,64.5927,0.6279,741.1414,98.8483,Non-spherical
657,1.1514,0.1293,1.3606,0.0228,65.9801,0.3303,2963.6811,99.1014,Non-spherical
658,1.0290,0.0138,1.4365,0.0042,65.3717,0.1170,3361.4737,99.5077,Spherical
659,2.1582,0.0358,1.3700,0.0016,76.1611,0.3039,3855.7066,99.6076,Non-spherical
660,1.0468,0.0348,1.4207,0.0087,89.0181,0.2153,2521.2016,99.8574,Spherical
661,1.0056,0.0078,1.4417,0.0063,76.3557,0.1702,3569.4785,99.9007,Spherical
662,1.1247,0.0231,1.4216,0.0053,62.6722,0.2006,2677.0317,99.9140,Spherical
663,1.0414,0.0308,1.4459,0.0063,58.8797,0.1728,2021.3073,100.1405,Spherical
664,3.4193,0.0535,1.3653,0.0014,76.6573,0.2820,3176.8018,100.2538,Non-spherical
665,1.1166,0.0319,1.4205,0.0074,90.5018,0.3702,1979.5678,100.3470,Spherical
666,0.9671,0.0172,1.4590,0.0045,70.7965,0.1534,3089.8039,100.3603,Spherical
667,3.0853,0.1655,1.3539,0.0034,81.2068,0.5385,2993.8545,100.5735,Non-spherical
668,1.0985,0.0577,1.4288,0.0106,91.0043,0.2067,2331.9872,100.6068,Spherical
669,1.0544,0.0387,1.4312,0.0143,84.3340,0.1870,3326.3923,100.7667,Spherical
670,1.1189,0.0296,1.4204,0.0041,97.9462,0.1921,887.2046,101.1597,Spherical
671,1.9444,0.0947,1.3836,0.0098,70.6992,0.2003,3573.3849,101.5993,Non-spherical
672,0.6103,0.1190,1.3869,0.1592,99.2857,0.3414,,101.7059,Non-spherical
673,2.1564,0.0470,1.3787,0.0018,80.6264,0.3216,3464.4951,101.7259,Non-spherical
674,1.1343,0.0155,1.4205,0.0051,80.8500,0.1957,3094.1915,101.9723,Spherical
675,1.0283,0.0158,1.4465,0.0068,72.4289,0.1584,3411.7338,101.9923,Spherical
676,1.0149,0.0240,1.4394,0.0060,62.3469,0.2005,2497.3126,102.1322,Spherical
677,1.1771,0.0404,1.4107,0.0052,93.3330,0.3086,1654.9854,102.3121,Spherical
678,1.4189,0.0646,1.4119,0.0067,76.9159,0.3942,3019.0140,102.4453,Spherical
679,0.8382,0.0327,1.6082,0.0147,87.2745,0.2533,2663.2755,102.6784,Non-spherical
680,1.0621,0.0266,1.4354,0.0058,97.3460,0.3432,1759.6933,103.4378,Spherical
681,0.8915,0.0631,1.3911,0.0161,98.2342,0.4128,1184.9341,103.4578,Non-spherical
682,0.4776,0.0200,1.9395,0.0293,75.5513,0.2874,5204.1621,103.4578,Non-spherical
683,1.0168,0.0251,1.4379,0.0063,92.9236,0.2052,2376.9309,103.6976,Spherical
684,1.7790,0.0155,1.4022,0.0032,72.3600,0.4200,5204.9989,103.8142,Non-spherical
685,0.7806,0.2056,1.3702,0.0226,56.1762,2.4493,2344.3208,103.8574,Non-spherical
686,0.2727,0.0586,2.2128,0.2062,55.7120,3.4575,1938.8445,104.1639,Non-spherical
687,1.8285,0.0154,1.3860,0.0013,75.0216,0.1795,4233.8941,104.2271,Spherical
688,2.2508,0.0978,1.3628,0.0031,63.3557,0.5933,3628.0963,104.2704,Non-spherical
689,2.0643,0.0583,1.3731,0.0020,69.8479,0.4050,3846.4704,104.3037,Non-spherical
690,3.0230,0.1909,1.3739,0.0041,90.7499,0.6774,2015.0189,104.6301,Non-spherical
691,1.0957,0.0275,1.4234,0.0040,62.0091,0.1643,2646.4026,104.6834,Spherical
692,2.3588,0.1412,1.3729,0.0076,87.9693,0.2443,2883.5059,104.7833,Spherical
693,1.0713,0.0273,1.4362,0.0074,79.7715,0.2051,4104.9170,104.8167,Spherical
694,0.9900,0.0196,1.4444,0.0060,89.1103,0.1457,3171.9663,104.8233,Spherical
695,2.0943,0.0084,1.4172,0.0025,74.1611,0.3936,3668.7264,105.2097,Non-spherical
696,1.1468,0.0288,1.4181,0.0073,90.1124,0.1634,2392.7731,105.2230,Spherical
697,1.6172,0.0909,1.4077,0.0152,65.8890,0.2914,3015.2050,105.4162,Spherical
698,0.6952,0.0125,1.4987,0.0092,57.7191,0.1204,1789.7270,105.5294,Spherical
699,3.5967,0.0890,1.3670,0.0014,75.5069,3.2728,3086.4254,105.5827,Non-spherical
700,1.0835,0.0249,1.4287,0.0063,62.7871,0.2151,2758.9782,106.0223,Spherical
701,1.7059,0.0726,1.4510,0.0092,72.2009,0.2000,3640.0331,106.0556,Spherical
702,3.3652,0.1876,1.3583,0.0031,40.0247,2.2050,437.0790,106.5019,Non-spherical
703,1.0659,0.0266,1.4322,0.0042,64.2960,0.2186,2734.1994,106.4753,Spherical
704,1.0034,0.0498,1.4432,0.0102,77.7206,0.2349,2976.7381,106.5819,Spherical
705,1.8033,0.0251,1.3765,0.0027,87.4092,0.3207,2356.2475,106.8750,Spherical
706,1.0782,0.0348,1.4259,0.0083,90.6972,0.2300,2375.2341,107.2613,Spherical
707,1.0391,0.0262,1.4302,0.0065,83.8582,0.1619,2706.4212,107.5444,Spherical
708,1.0970,0.0104,1.4292,0.0033,60.5499,0.1775,2002.4057,107.9541,Spherical
709,1.7086,0.0980,1.3426,0.0005,41.3821,0.4196,,108.0540,Non-spherical
710,0.6505,0.1214,1.3757,0.0322,53.0309,0.9965,1004.0865,108.2338,Non-spherical
711,1.9240,0.1672,1.3698,0.0187,84.2696,0.4032,2717.8460,108.3071,Spherical
712,1.7637,0.0779,1.3800,0.0077,83.9880,0.3591,3014.5262,108.3770,Non-spherical
713,1.0450,0.0321,1.4324,0.0064,83.3902,0.2193,3016.4555,108.3970,Spherical
714,1.0289,0.0317,1.4475,0.0094,79.1041,0.2674,3065.7784,108.8933,Spherical
715,1.0797,0.0275,1.4291,0.0068,71.8458,0.1515,2955.0928,109.0132,Spherical
716,1.0962,0.0355,1.4196,0.0045,92.5793,0.2068,1865.7759,109.0465,Spherical
717,0.9952,0.0350,1.4369,0.0087,74.8982,0.2254,3515.4396,109.0665,Spherical
718,1.1081,0.0236,1.4259,0.0060,76.5341,0.2254,3344.9699,109.2796,Spherical
719,1.0379,0.0226,1.4238,0.0051,76.6116,0.3583,3321.6550,109.4595,Non-spherical
720,0.9532,0.0282,1.4610,0.0075,78.5426,0.1744,3251.7955,109.5860,Spherical
721,1.7521,0.0738,1.3768,0.0056,90.4828,0.1717,1987.9325,109.6393,Spherical
722,0.9796,0.0306,1.4544,0.0036,69.3773,0.2258,3016.6370,109.6593,Spherical
723,1.1099,0.0390,1.4301,0.0069,97.7533,0.0972,913.3234,109.8125,Spherical
724,2.5733,0.1696,1.3903,0.0075,73.6472,1.0899,2848.5571,109.9191,Non-spherical
725,1.8843,0.0223,1.3707,0.0017,69.9608,0.1416,2844.5484,109.9790,Non-spherical
726,1.0120,0.0153,1.4464,0.0056,87.2438,0.1881,2357.6369,110.0190,Spherical
727,3.5003,0.1600,1.3585,0.0036,79.3191,1.2606,2524.0663,110.0989,Non-spherical
728,1.6531,0.0596,1.3839,0.0055,93.2382,0.3550,1492.4466,110.5452,Spherical
729,1.0741,0.0378,1.4402,0.0128,82.2450,0.2251,2957.8141,110.6718,Spherical
730,0.7325,0.0443,1.4183,0.0409,52.6278,0.1579,769.9813,110.9116,Spherical
731,3.2837,0.0576,1.3514,0.0003,56.7976,0.3940,2534.9595,110.9782,Non-spherical
732,0.9736,0.0232,1.4525,0.0081,71.6534,0.1759,2957.6652,111.0115,Spherical
733,1.0776,0.0436,1.4258,0.0074,90.2777,0.2483,1851.2031,111.1714,Spherical
734,1.4087,0.0906,1.4308,0.0157,58.3811,0.3544,2267.5652,111.3446,Non-spherical
735,1.7319,0.0440,1.3801,0.0041,83.4633,0.2245,2740.0565,111.8775,Spherical
736,0.9882,0.0260,1.4553,0.0080,97.4151,0.2576,1002.7388,111.9574,Spherical
737,1.1731,0.1932,1.3467,0.0103,94.2980,5.5419,590.9615,111.9241,Non-spherical
738,0.4942,0.0579,1.4964,0.0297,66.3450,0.3650,2497.9374,112.2372,Non-spherical
739,2.3708,0.1327,1.3755,0.0093,55.8904,0.2711,2122.3346,112.6968,Non-spherical
740,1.1448,0.0264,1.4223,0.0054,77.6259,0.2258,3368.0522,113.1897,Spherical
741,0.6480,0.1218,1.4175,0.0432,52.4986,0.1696,,113.5494,Non-spherical
742,1.0290,0.0297,1.4295,0.0053,80.0972,0.3187,3607.7228,113.5761,Spherical
743,2.9977,0.0650,1.3706,0.0019,87.3899,0.6305,2495.8983,113.8492,Non-spherical
744,0.7955,0.2808,1.3602,0.2257,45.2062,1.0992,0.6380,114.0956,Non-spherical
745,1.8995,0.0179,1.3709,0.0008,77.0212,0.1850,3551.4110,114.5353,Non-spherical
746,1.6565,0.1308,1.3916,0.0172,87.0810,0.1211,2512.8203,114.7151,Spherical
747,1.1470,0.0249,1.4218,0.0062,86.3985,0.1643,2493.1356,114.8683,Spherical
748,0.2042,0.5085,2.2620,0.4267,47.4878,1.4825,11.6553,114.9283,Non-spherical
749,1.8108,0.0187,1.3747,0.0020,87.1444,0.3251,2301.1828,115.0082,Spherical
750,1.0652,0.0396,1.4295,0.0079,86.4926,0.2901,2472.7221,115.1081,Spherical
751,0.2246,0.0160,2.2742,0.3373,48.0107,1.4716,50.8968,115.1747,Non-spherical
752,1.1174,0.0360,1.4391,0.0070,65.6942,0.0645,2269.0677,115.4279,Spherical
753,1.5463,0.0666,1.3937,0.0059,83.8482,0.2006,3157.2736,115.5877,Spherical
754,1.0534,0.0419,1.4343,0.0097,78.4135,0.2411,3261.3913,115.7942,Spherical
755,1.0610,0.0364,1.4339,0.0090,63.6925,0.1726,2410.5577,116.0940,Spherical
756,2.4800,0.1338,1.3804,0.0083,79.6733,0.2829,2703.8027,116.0940,Non-spherical
757,0.9814,0.0256,1.4519,0.0075,78.5127,0.1910,2943.8392,116.1473,Spherical
758,1.8127,0.0205,1.3950,0.0012,65.3612,0.1860,2435.5415,116.3338,Spherical
759,1.8476,0.0261,1.3776,0.0022,67.2098,0.1980,2454.5888,116.4204,Spherical
760,1.1647,0.0363,1.4094,0.0042,73.8616,0.1716,3248.8216,116.5603,Spherical
761,1.6528,0.1294,1.3886,0.0208,62.3811,0.2043,2612.8366,116.7401,Spherical
762,1.6704,0.0370,1.3883,0.0035,73.8558,0.3229,3277.0269,116.8201,Spherical
763,0.5596,0.3150,1.4083,0.0533,99.6844,5.9242,584.7701,117.3263,Non-spherical
764,1.8505,0.3721,1.3435,0.0498,98.9355,0.3436,571.2650,117.4129,Non-spherical
765,1.0098,0.0263,1.4308,0.0083,61.1692,0.1837,1984.4136,117.5528,Spherical
766,0.9592,0.0095,1.4543,0.0046,73.7596,0.1975,3515.8734,117.6594,Spherical
767,2.1966,0.0289,1.3681,0.0013,80.4323,0.3377,3219.6577,117.7060,Non-spherical
768,1.7330,0.0268,1.3806,0.0029,75.0056,0.0920,3407.3027,117.9858,Spherical
769,1.0226,0.0399,1.4475,0.0098,66.6350,0.2434,2718.9773,118.1589,Spherical
770,0.1915,0.4157,2.8104,0.5230,45.8411,2.2961,30.4548,118.1989,Non-spherical
771,2.0133,0.0237,1.3811,0.0010,73.9139,0.1246,3116.6783,118.2922,Non-spherical
772,2.5201,0.1379,1.3639,0.0050,83.7340,0.7886,2553.9201,118.3455,Non-spherical
773,1.0757,0.0559,1.4305,0.0108,72.2821,0.2324,2847.3909,118.4787,Spherical
774,1.0321,0.0589,1.4392,0.0147,73.3955,0.1616,3253.7694,118.6918,Spherical
775,1.0311,0.0467,1.4301,0.0139,66.7198,0.1170,3177.9781,118.7118,Spherical
776,1.6374,0.1038,1.3461,0.0019,96.4421,0.2095,1234.4405,118.8450,Non-spherical
777,1.0503,0.0274,1.4419,0.0058,52.6845,0.1480,820.0839,118.9583,Spherical
778,1.0178,0.0316,1.4433,0.0088,73.3641,0.3222,3115.9155,119.1381,Spherical
779,2.0503,0.1591,1.3706,0.0130,55.1108,0.2781,1494.2299,119.1781,Non-spherical
780,1.1481,0.0944,1.3469,0.0015,57.0701,5.1979,1629.1335,119.2114,Non-spherical
781,1.8350,0.0442,1.3925,0.0046,83.4953,0.2612,3129.2274,119.7976,Spherical
782,1.3062,0.1589,1.3570,0.0092,58.9757,3.2832,2051.1627,119.9108,Spherical
783,1.0631,0.0315,1.4305,0.0048,59.8075,0.2625,2180.4270,120.0640,Spherical
784,1.9460,0.0494,1.4137,0.0060,56.9525,0.1730,1688.5809,120.1306,Spherical
785,1.0673,0.0103,1.4430,0.0033,64.5393,0.2214,2638.6885,120.2306,Spherical
786,1.0432,0.0249,1.4363,0.0062,76.8256,0.1999,2932.6008,120.3505,Spherical
787,1.1321,0.0418,1.4227,0.0056,67.5141,0.1543,2644.5996,120.4637,Spherical
788,1.0057,0.0683,1.4533,0.0154,65.3578,0.1999,2471.5975,120.6469,Spherical
789,2.6498,0.1136,1.3688,0.0030,58.3006,0.5728,2254.3667,120.9433,Non-spherical
790,1.3199,0.0322,1.3588,0.0014,63.0635,0.2063,2653.5321,121.0632,Non-spherical
791,1.1388,0.0333,1.4284,0.0070,62.6637,0.2072,2270.6147,121.3763,Spherical
792,2.7097,0.1744,1.3608,0.0053,87.0005,1.0051,2106.2469,121.4562,Non-spherical
793,0.5873,0.1180,1.3616,0.0127,57.1083,3.2875,1338.3852,121.7626,Spherical
794,2.2414,0.1318,1.3750,0.0051,65.0025,0.4715,2380.9850,121.8759,Non-spherical
795,1.0267,0.0226,1.4409,0.0063,60.7509,0.2151,2353.9525,122.0690,Spherical
796,1.8664,0.0310,1.3723,0.0010,69.2174,0.4029,2993.0656,122.3888,Spherical
797,1.8585,0.0188,1.3722,0.0010,83.7292,0.3095,2557.0935,122.5553,Non-spherical
798,1.0383,0.0522,1.3747,0.0069,67.0075,0.2516,2550.7580,122.8084,Non-spherical
799,0.9894,0.0259,1.4491,0.0053,75.1206,0.2103,2865.8436,122.8950,Spherical
800,4.0553,0.1111,1.3546,0.0011,77.3986,0.7949,3354.3270,123.1481,Non-spherical
801,1.7142,0.0394,1.3762,0.0037,57.8756,0.3038,2058.1042,123.1615,Non-spherical
802,1.7164,0.0449,1.4082,0.0046,85.5163,0.2313,2753.7333,123.2880,Spherical
803,1.3950,0.0483,1.4193,0.0119,74.4497,0.2428,3077.1843,123.5811,Spherical
804,0.9937,0.0296,1.4464,0.0119,68.1645,0.2307,4039.8085,123.8809,Spherical
805,1.0726,0.0435,1.4321,0.0079,77.8460,0.3397,4623.7045,124.1373,Spherical
806,1.0995,0.0228,1.4275,0.0048,65.6901,0.3265,3895.4568,124.1540,Spherical
807,1.8926,0.3884,1.4321,0.2487,65.3663,3.5162,3437.4696,124.6036,Non-spherical
808,0.9990,0.0498,1.4410,0.0162,62.6687,0.2723,2887.5885,124.6736,Spherical
809,2.9800,0.1621,1.3539,0.0036,72.6145,1.4035,3516.8435,124.6869,Non-spherical
810,0.7941,0.2017,1.3655,0.0128,56.0091,0.1777,1685.1046,124.7402,Non-spherical
811,1.0566,0.0263,1.4299,0.0056,62.9721,0.2579,2831.0128,124.7468,Spherical
812,0.4930,0.3331,1.4592,0.0599,90.2294,2.2193,2179.4997,124.9034,Non-spherical
813,1.0443,0.0210,1.4340,0.0069,57.0604,0.1538,1599.0232,125.0532,Spherical
814,1.0629,0.0646,1.4195,0.0119,86.0159,0.1705,3027.5770,125.1598,Non-spherical
815,1.0674,0.1026,1.4077,0.0331,96.0068,0.2142,1500.9341,125.2597,Spherical
816,1.0308,0.0120,1.4343,0.0031,67.3761,0.3297,3044.3300,125.5995,Spherical
817,0.7089,0.0688,1.3745,0.0056,54.8572,0.2131,1311.3019,125.6328,Non-spherical
818,1.0185,0.0561,1.4280,0.0173,86.1810,0.2610,2753.6412,125.7260,Spherical
819,1.1110,0.0298,1.4199,0.0083,89.5297,0.2198,2669.3659,125.8792,Spherical
820,1.1155,0.0294,1.4250,0.0072,79.9701,0.2573,3510.7281,125.9525,Spherical
821,2.1300,0.0984,1.3925,0.0061,87.4926,0.4693,2715.1404,125.9925,Non-spherical
822,1.1013,0.0095,1.4251,0.0016,81.9398,0.2282,3246.8937,126.0191,Spherical
823,1.1436,0.0104,1.4226,0.0033,87.1490,0.2298,3091.9728,126.2256,Non-spherical
824,1.1008,0.0298,1.4226,0.0045,62.9818,0.1576,3099.2148,126.2756,Spherical
825,0.9883,0.0855,1.4538,0.0134,93.3986,0.2487,2070.5741,126.3455,Spherical
826,0.6990,0.0773,1.3953,0.0142,53.8456,0.1764,1265.2357,126.4920,Non-spherical
827,1.9672,0.1219,1.3769,0.0141,62.2387,0.4052,2767.2239,126.6186,Non-spherical
828,3.4746,0.1377,1.3690,0.0040,81.5667,0.6668,2865.8592,126.9117,Non-spherical
829,1.0216,0.0269,1.4520,0.0104,73.9347,0.1581,3231.2163,126.9783,Spherical
