,Unnamed: 0,d_p,dd_p,n_p,dn_p,z_p,z uncertainty [μm],v [μm / s],timestamp [s],symmetry,label
0,0,0.8179,0.0872,1.3719,0.0116,67.8346,2.0958,3061.7053,0.04,1,extra
2,2,1.7545,0.0493,1.3801,0.0024,67.7572,0.217,2718.5892,0.5496,1,dimer
4,4,1.7895,0.0396,1.3732,0.0024,65.1199,0.154,3028.8112,0.8694,0,dimer
5,5,1.1291,0.0503,1.4199,0.0097,92.715,0.2617,2012.4019,1.0958,0,monomer
6,6,1.7253,0.1477,1.3793,0.0254,91.3496,0.4669,2303.0829,1.1292,0,dimer
9,9,0.9712,0.0363,1.4578,0.0078,84.0417,0.2181,2846.8389,1.5821,0,monomer
10,10,1.5353,0.0303,1.4105,0.0068,72.5725,0.5122,2857.4621,1.9218,1,dimer
11,11,0.9855,0.0292,1.4471,0.0073,84.4487,0.2381,3034.8123,2.0884,0,monomer
12,12,1.1536,0.018,1.4286,0.0028,93.1647,0.4143,1624.0375,2.3615,0,monomer
13,13,1.5977,0.0322,1.3962,0.0043,74.5592,0.2424,3235.1348,2.3548,0,dimer
15,15,1.8446,0.1195,1.3744,0.0114,54.3039,0.2978,1288.4888,2.5413,0,dimer
16,16,1.0896,0.0215,1.4298,0.0044,97.0983,0.1643,865.4114,2.6546,0,monomer
18,18,1.655,0.1229,1.3885,0.0191,88.1231,0.1988,2028.8564,3.0009,0,dimer
19,19,0.9789,0.0299,1.4687,0.0093,90.7621,0.176,2308.6208,3.274,0,monomer
20,20,1.076,0.0313,1.4322,0.009,83.1854,0.2009,3117.416,3.274,0,monomer
22,22,1.0661,0.0412,1.4433,0.0128,92.8182,0.1889,1632.451,3.9135,0,monomer
25,25,1.9965,0.0836,1.3885,0.0062,63.7748,1.0961,2588.8083,4.4797,1,dimer
26,26,1.0663,0.038,1.4383,0.0098,79.5268,0.1888,3114.5925,4.4997,0,monomer
28,28,1.7196,0.1256,1.3898,0.0148,60.5204,0.2907,1996.18,5.1458,0,dimer
30,30,1.5776,0.0799,1.3901,0.0079,90.73,0.3236,1914.7214,5.6854,1,dimer
31,31,1.0986,0.0204,1.4305,0.0028,70.5087,0.1714,2879.8299,5.7253,0,monomer
32,32,1.0537,0.0263,1.4281,0.0046,59.2635,0.1357,1898.8828,5.792,0,monomer
33,33,1.7139,0.09,1.3829,0.0058,85.6674,0.2024,2344.7191,5.8652,1,dimer
34,34,0.8642,0.0735,1.3901,0.0168,66.6226,0.258,2443.089,6.185,0,extra
38,38,1.5311,0.0734,1.4452,0.0228,78.8408,0.3316,4133.7433,6.6912,0,dimer
39,39,0.9981,0.0504,1.4428,0.014,81.1874,0.323,4012.0359,6.7412,0,monomer
40,40,1.8102,0.0424,1.3745,0.0024,85.9496,0.2387,3116.5362,6.8577,0,dimer
41,41,1.0539,0.0378,1.4425,0.0092,61.7451,0.2025,2949.6293,6.891,0,monomer
42,42,1.5564,0.1284,1.4042,0.014,79.5123,0.4079,3698.5277,6.8977,1,dimer
44,44,1.8036,0.0347,1.3736,0.0015,77.7509,0.1805,3066.1369,7.3773,0,dimer
45,45,1.9083,0.045,1.3703,0.0027,56.2826,0.3853,1969.149,7.6171,1,dimer
48,48,1.0834,0.0189,1.4254,0.0075,84.322,0.1271,2606.7144,7.9768,0,monomer
50,50,1.0602,0.0302,1.4314,0.0076,86.1805,0.313,2501.1242,8.0168,0,monomer
51,51,1.8755,0.029,1.373,0.0023,78.1219,0.2533,2958.9324,8.0834,1,dimer
52,52,1.6655,0.0527,1.3745,0.0039,64.7281,0.1252,2709.4817,8.13,1,dimer
53,53,1.1,0.0527,1.4232,0.0116,89.3609,0.18,2054.3515,8.1833,0,monomer
56,56,1.1126,0.0385,1.4148,0.0096,87.6363,0.1968,2773.8407,8.503,0,monomer
59,59,1.0954,0.033,1.4282,0.0049,70.4027,0.2343,2746.1536,9.2957,0,monomer
60,60,0.963,0.0356,1.4506,0.0137,79.0803,0.1979,2842.1016,9.329,0,monomer
61,61,1.0487,0.0472,1.4429,0.0076,68.7586,0.2369,2722.1231,9.3357,0,monomer
62,62,1.0958,0.0451,1.4249,0.007,69.3894,0.1396,2689.8249,9.3823,0,monomer
63,63,1.0361,0.0584,1.4343,0.0113,80.2266,0.1508,2489.6468,9.4889,0,monomer
64,64,1.7554,0.1404,1.3786,0.0245,88.7973,0.2125,1783.9423,9.5155,1,dimer
66,66,1.4933,0.0737,1.4836,0.0125,87.6772,0.1581,2228.0629,10.0418,0,dimer
67,67,0.8863,0.0572,1.3868,0.0087,67.6693,0.1914,2723.8561,10.1883,0,extra
68,68,1.2366,0.1019,1.4084,0.024,71.6444,3.7571,3238.0806,10.6679,1,dimer
71,71,1.0002,0.0369,1.4458,0.0086,77.1178,0.1973,3221.3886,10.8744,0,monomer
72,72,1.9211,0.0265,1.3888,0.0021,75.1604,0.163,3102.1426,11.0942,1,dimer
73,73,1.0599,0.0412,1.4265,0.01,59.2191,0.1723,1961.6205,11.1342,0,monomer
74,74,1.0377,0.0212,1.4252,0.0068,68.8214,0.1872,2589.4255,11.5672,0,monomer
76,76,0.9736,0.03,1.4474,0.0083,92.1052,0.7495,1823.8901,11.8736,0,monomer
77,77,1.0264,0.0232,1.4361,0.0041,59.3546,0.1776,1937.6071,12.3132,0,monomer
78,78,1.0535,0.0362,1.4327,0.01,50.8296,0.1502,483.918,12.4864,0,monomer
79,79,1.0289,0.0161,1.4419,0.0045,51.9427,0.2314,661.7186,12.533,0,monomer
81,81,1.8155,0.1801,1.3941,0.0168,63.2502,0.1558,2872.4417,12.8128,1,dimer
82,82,1.0734,0.0454,1.4299,0.0102,90.3931,0.314,2016.4084,13.1192,0,monomer
83,83,1.5637,0.0978,1.4072,0.0086,68.0257,0.3729,3035.1991,13.1325,1,dimer
84,84,1.061,0.033,1.4268,0.0066,87.138,0.2624,2527.003,13.1592,0,monomer
85,85,1.067,0.0342,1.4321,0.0072,90.3707,0.3021,1944.4015,13.4723,0,monomer
86,86,1.1662,0.04,1.4177,0.009,84.5905,0.2441,2371.6454,13.6055,0,monomer
87,87,1.9074,0.0289,1.372,0.0023,76.0353,0.208,3412.878,13.8453,1,dimer
88,88,1.3102,0.0226,1.4145,0.002,90.9127,0.372,2057.4979,14.0918,0,dimer
89,89,1.8657,0.1144,1.3845,0.0095,86.3567,0.3916,2543.2072,14.0951,0,dimer
90,90,1.5614,0.0381,1.4173,0.0056,73.226,0.0905,2955.1988,14.2982,0,dimer
92,92,1.0144,0.0192,1.4489,0.0058,77.5563,0.2352,2901.5941,14.4981,1,monomer
94,94,0.9978,0.0383,1.4415,0.0074,74.394,0.2464,2725.606,14.8112,0,monomer
95,95,1.9581,0.0495,1.3966,0.006,81.1788,0.3457,3884.5878,14.9044,1,dimer
96,96,1.0206,0.0301,1.4345,0.0071,82.4065,0.2397,4546.3262,15.0476,0,monomer
97,97,1.8264,0.0362,1.3819,0.0013,76.4447,0.2674,4238.763,15.2541,1,dimer
98,98,1.0197,0.0647,1.4265,0.0109,78.9075,0.237,4128.2823,15.3374,0,monomer
99,99,1.0816,0.0543,1.4249,0.0144,82.2388,0.2662,3650.3713,15.384,0,monomer
102,102,1.0973,0.0242,1.4237,0.0042,56.2032,0.2477,1763.4077,15.5239,0,monomer
103,103,1.0669,0.0174,1.4365,0.0029,54.7194,0.1154,1455.3597,15.7171,1,monomer
104,104,1.0184,0.0286,1.4381,0.0038,77.2564,0.19,3879.6674,16.0568,0,monomer
107,107,1.4895,0.1079,1.3987,0.0191,77.1438,0.1129,3313.2551,16.4631,0,dimer
110,110,1.0151,0.0498,1.4381,0.0134,77.5319,0.1982,3088.1171,16.7162,0,monomer
111,111,1.0725,0.0348,1.4445,0.009,81.1469,0.205,2810.3302,16.7829,1,monomer
113,113,1.029,0.0366,1.4371,0.0061,59.169,0.1105,2220.6684,17.2691,0,monomer
114,114,1.9408,0.029,1.371,0.0014,69.8261,0.3598,3315.1306,17.3491,1,dimer
117,117,0.9604,0.0602,1.4607,0.0141,71.6023,0.2101,3502.6763,18.1617,0,monomer
119,119,0.9919,0.0514,1.4512,0.0119,88.0239,0.3515,2501.3767,18.4481,0,monomer
127,127,1.052,0.0291,1.4286,0.0068,90.453,0.474,2097.5952,19.3874,0,monomer
128,128,1.1392,0.1279,1.3625,0.0049,60.6098,2.0275,2399.754,19.4407,1,extra
129,129,1.6327,0.0684,1.3915,0.0053,57.8065,0.1824,1960.5451,19.5539,1,dimer
132,132,1.0564,0.0296,1.4409,0.0087,78.0687,0.3529,3269.0553,20.3466,0,monomer
134,134,1.7786,0.1415,1.3766,0.0198,89.9509,0.3329,1980.6735,20.7462,0,dimer
135,135,1.0581,0.0379,1.4296,0.0038,76.2088,0.2116,2861.456,20.9594,0,monomer
138,138,0.9869,0.0171,1.4496,0.0069,56.9521,0.228,1521.8661,21.1726,0,monomer
145,145,1.7275,0.1383,1.4143,0.0124,61.6961,0.9174,2453.8949,22.3582,1,dimer
146,146,1.0919,0.0283,1.4263,0.0072,56.3096,0.2973,1838.2717,22.4382,0,monomer
150,150,1.1753,0.0452,1.4183,0.0092,83.5422,0.3188,2697.2289,22.8378,1,monomer
151,151,1.0919,0.0336,1.433,0.0054,74.7895,0.2235,3182.3856,22.8378,0,monomer
153,153,1.8566,0.0308,1.4054,0.0035,84.8741,0.111,2743.5946,22.9178,0,dimer
154,154,1.5062,0.1509,1.4059,0.019,63.7933,0.2315,2691.4194,22.9311,0,dimer
156,156,1.7083,0.0753,1.3986,0.0076,77.5047,0.5127,4300.8764,23.3241,0,dimer
157,157,1.0576,0.0222,1.4309,0.0061,53.5544,0.1973,1429.065,23.3508,0,monomer
158,158,1.001,0.0167,1.4435,0.0054,82.729,0.2617,3906.2439,23.4307,0,monomer
160,160,1.0254,0.0424,1.4434,0.0116,84.0961,0.255,4250.6979,23.4806,0,monomer
162,162,0.7149,0.0475,1.4338,0.02,65.7748,0.1696,4134.1732,23.5406,0,extra
164,164,1.4325,0.041,1.4202,0.0023,73.1559,0.2089,4414.3158,23.6538,0,dimer
166,166,1.8761,0.0991,1.4085,0.0074,66.9802,0.4798,4212.341,23.6938,1,dimer
167,167,1.8545,0.0848,1.3759,0.0078,91.3035,0.3475,1990.7327,23.9836,1,dimer
168,168,1.0088,0.054,1.4456,0.0113,76.2541,0.1609,3750.7412,24.0568,0,monomer
169,169,1.0149,0.0633,1.4438,0.0169,84.0126,0.2195,2942.1274,24.1701,0,monomer
170,170,1.7568,0.0261,1.4084,0.0053,72.8575,0.1198,3395.3652,24.2767,0,dimer
171,171,1.1226,0.0548,1.4293,0.0125,65.0217,0.1591,2796.1426,24.3166,0,monomer
173,173,1.0565,0.0119,1.4364,0.0037,59.4052,0.2069,2063.9632,24.4898,0,monomer
174,174,1.0653,0.0396,1.4322,0.0062,67.3975,0.2368,2883.8491,24.4832,0,monomer
176,176,0.9927,0.0333,1.4451,0.0087,81.8617,0.3197,3693.7823,24.5631,0,monomer
177,177,1.7789,0.0989,1.376,0.0093,56.1573,0.1312,1870.6178,24.6497,1,dimer
179,179,1.5162,0.1309,1.3934,0.0251,88.0829,0.2132,2513.7,25.0094,1,dimer
181,181,1.3852,0.0572,1.3805,0.0083,66.9095,0.3271,2927.3319,25.1359,0,dimer
182,182,1.1025,0.0286,1.4253,0.0066,76.5536,0.1625,3168.2143,25.1693,0,monomer
186,186,1.1053,0.0406,1.4166,0.0105,72.1318,0.2534,3501.6669,25.7288,0,monomer
188,188,1.0146,0.0291,1.4401,0.0095,73.1108,0.1516,3260.4374,26.0618,0,monomer
189,189,1.7802,0.0459,1.3787,0.0034,59.9708,0.34,2235.2291,26.1951,1,dimer
190,190,0.7993,0.0773,1.3852,0.0352,65.6752,0.2777,2684.4349,26.1951,1,extra
191,191,0.9694,0.0269,1.4407,0.0085,59.5479,0.267,2033.8497,26.3016,0,monomer
192,192,1.3741,0.073,1.4166,0.0148,80.4727,0.2615,2876.3266,26.3283,0,dimer
193,193,1.05,0.0257,1.4415,0.0082,90.4243,0.1859,1868.1936,26.3749,0,monomer
195,195,0.993,0.0347,1.4416,0.0072,76.7118,0.2785,2814.1035,26.5481,0,monomer
196,196,1.1141,0.0294,1.4261,0.005,65.5941,0.1464,2874.5215,26.8945,1,monomer
197,197,1.1063,0.0304,1.4187,0.0044,87.0385,0.216,2369.7239,27.121,0,monomer
198,198,1.1116,0.0543,1.4139,0.0077,89.8821,0.2779,1925.8665,27.2342,0,monomer
199,199,1.5311,0.1169,1.3908,0.0092,87.68,0.4834,1900.8104,27.5473,0,dimer
202,202,1.0691,0.0419,1.4307,0.0054,68.7746,0.2024,3221.0748,27.8004,0,monomer
203,203,1.0371,0.0328,1.4482,0.0116,68.9417,0.1829,3261.375,27.8071,0,monomer
204,204,1.5525,0.0998,1.42,0.0207,69.4871,0.3865,3198.1687,27.8803,1,dimer
206,206,1.0727,0.0574,1.443,0.0186,55.4374,0.1318,1451.5244,27.9869,1,monomer
207,207,0.9541,0.0334,1.4688,0.0089,70.6489,0.1674,3082.8625,28.0335,0,monomer
208,208,1.046,0.0258,1.4338,0.0089,64.298,0.1633,2513.4982,28.25,0,monomer
210,210,1.1334,0.0275,1.4286,0.007,91.9215,0.313,1572.3112,28.5731,0,monomer
211,211,1.3277,0.0267,1.4216,0.0046,70.5721,0.169,3356.6088,28.8529,0,dimer
212,212,1.8139,0.1184,1.3782,0.0232,54.7094,0.2798,1509.1019,28.8862,1,dimer
213,213,1.6384,0.0969,1.3795,0.0073,84.1407,0.4283,2626.1232,29.1326,1,dimer
214,214,0.9958,0.0204,1.4481,0.0042,59.4658,0.3186,2062.8289,29.1726,0,monomer
217,217,1.671,0.0338,1.4069,0.0054,75.4172,0.267,3509.4433,29.9853,0,dimer
219,219,1.0734,0.0403,1.425,0.0111,75.275,0.1879,3273.3844,30.0985,0,monomer
220,220,1.8226,0.0304,1.3732,0.001,84.4612,0.2154,2793.632,30.2051,1,dimer
221,221,1.7769,0.024,1.3737,0.0018,70.9074,0.1631,3268.1912,30.2184,1,dimer
222,222,1.0064,0.0233,1.4407,0.0048,79.0799,0.1935,3238.3524,30.2317,0,monomer
225,225,1.0389,0.0173,1.4279,0.006,89.3138,0.1718,2034.038,30.5182,0,monomer
226,226,1.6663,0.0615,1.4084,0.0067,69.7875,0.2411,2681.6315,30.8112,0,dimer
227,227,1.8078,0.0222,1.3733,0.0007,58.0418,0.2646,1753.996,30.8779,1,dimer
228,228,1.1676,0.0536,1.4772,0.0159,78.1253,0.154,3411.3846,31.111,0,dimer
229,229,1.1148,0.0367,1.4214,0.0059,66.8991,0.2103,2998.776,31.2176,0,monomer
231,231,0.7284,0.041,1.4327,0.0185,66.1146,0.2754,2897.8572,31.3175,1,extra
232,232,0.9995,0.0494,1.4447,0.0159,63.6644,0.3367,2684.7174,31.3508,0,monomer
233,233,1.0206,0.0071,1.4391,0.0028,53.2146,0.1561,930.1973,31.4174,0,monomer
234,234,1.0866,0.0388,1.4283,0.011,83.9533,0.203,2690.6502,31.3841,0,monomer
236,236,1.3735,0.0953,1.4185,0.015,67.9556,0.14,3043.9745,32.4765,1,dimer
238,238,1.7838,0.0583,1.3786,0.0043,59.4464,0.235,2194.3928,32.5831,1,dimer
240,240,1.8011,0.0395,1.406,0.0052,80.1175,0.2273,2980.3923,32.703,0,dimer
242,242,0.7228,0.0956,1.3736,0.0062,65.3337,0.1762,2782.82,33.489,1,extra
243,243,1.5499,0.1399,1.4448,0.0171,64.0027,0.3439,2884.9696,33.4957,1,dimer
246,246,1.7288,0.1018,1.3783,0.009,81.9736,0.4107,2867.5226,34.5082,0,dimer
247,247,1.4792,0.0145,1.4124,0.0038,54.672,0.15,1270.2644,34.6481,0,dimer
248,248,0.9785,0.023,1.4563,0.0093,69.2622,0.2124,3096.6864,34.6148,0,monomer
249,249,1.0586,0.0198,1.4461,0.0061,53.5321,0.1255,1024.1649,34.6814,0,monomer
250,250,0.7056,0.1105,1.3982,0.0407,65.4657,0.2417,2572.3865,34.9412,0,extra
251,251,0.7469,0.0613,1.3988,0.0238,59.9767,0.173,1840.8059,35.1277,0,extra
252,252,1.5332,0.1333,1.3984,0.0232,61.71,0.1922,2656.4398,35.3941,0,dimer
253,253,1.8409,0.0475,1.3772,0.0036,60.9334,0.1555,2481.7854,35.5007,0,dimer
255,255,0.9951,0.0242,1.4526,0.008,81.9152,0.1648,2907.2968,35.8804,0,monomer
256,256,1.0766,0.0322,1.4242,0.0089,67.7116,0.1914,2719.0045,36.0203,0,monomer
257,257,1.0761,0.0174,1.4345,0.005,82.628,0.201,2486.6977,36.2734,0,monomer
259,259,0.9245,0.1235,1.3667,0.0505,61.9063,0.2008,2531.7755,36.693,1,extra
260,260,1.7712,0.0483,1.3827,0.0035,60.4446,0.2379,2300.7989,36.7064,1,dimer
261,261,1.0857,0.0539,1.4336,0.0097,77.8768,0.2682,3248.5028,36.7064,0,monomer
263,263,1.0084,0.0237,1.4371,0.0057,95.1387,0.249,1271.5068,37.1726,0,monomer
264,264,1.8414,0.018,1.3709,0.0014,66.3962,0.2131,2780.5696,37.3592,1,dimer
266,266,1.0576,0.0309,1.4349,0.0082,69.9931,0.1851,3349.5822,37.4258,0,monomer
267,267,0.9869,0.0216,1.4505,0.0059,82.5113,0.1549,3269.1851,37.4924,0,monomer
268,268,1.855,0.0513,1.3749,0.0019,70.5079,0.2314,2828.6612,38.0453,1,dimer
269,269,1.0413,0.0304,1.4375,0.007,89.6822,0.1583,2121.2228,38.1119,0,monomer
270,270,1.5333,0.0965,1.3784,0.0084,66.9257,0.3377,2696.9298,38.1185,0,dimer
271,271,1.7395,0.1288,1.3766,0.023,87.6147,0.3999,2154.9111,38.3117,0,dimer
272,272,1.0354,0.0524,1.4367,0.0145,70.0482,0.1721,2694.2399,38.325,0,monomer
273,273,1.0684,0.0316,1.4285,0.0086,70.032,0.2042,3470.9112,38.5049,0,monomer
274,274,1.042,0.0069,1.4347,0.0017,65.3751,0.1584,3020.9848,38.6181,0,monomer
276,276,1.094,0.0345,1.4346,0.0064,64.4657,0.1313,2628.9995,38.9978,0,monomer
277,277,1.0798,0.0503,1.4254,0.01,87.8996,0.3139,2321.9713,39.0045,0,monomer
279,279,1.175,0.048,1.4216,0.0112,71.6661,0.091,2871.1606,39.4108,0,monomer
280,280,1.0031,0.0355,1.4478,0.0094,73.2756,0.1802,2939.6956,39.4108,0,monomer
282,282,1.0485,0.0203,1.436,0.0054,66.1069,0.1992,2982.9895,39.917,0,monomer
283,283,0.9929,0.0165,1.4535,0.0041,56.8402,0.1745,1710.1463,39.997,0,monomer
284,284,1.0382,0.029,1.4337,0.0076,83.3429,0.2514,2817.8092,40.2901,0,monomer
285,285,0.9987,0.0216,1.4424,0.0082,88.4381,0.0943,2745.7043,40.7364,0,monomer
286,286,1.11,0.0442,1.4258,0.0072,58.6193,0.1724,2085.6894,40.8363,0,monomer
287,287,1.1175,0.0427,1.4248,0.0081,83.9171,0.1879,2937.203,40.9029,0,monomer
288,288,1.0604,0.0249,1.4314,0.0042,82.7953,0.2187,3048.7172,40.9429,0,monomer
289,289,1.1506,0.0615,1.4203,0.018,91.4859,3.0871,1828.7653,41.2759,0,monomer
291,291,1.0845,0.0182,1.4255,0.0045,56.8758,0.166,1507.2822,41.3692,0,monomer
292,292,1.0553,0.0368,1.4327,0.0065,89.9828,0.2812,2439.2694,41.7089,0,monomer
293,293,1.0709,0.0282,1.4358,0.0081,71.1168,0.1757,3334.4476,41.9087,0,monomer
294,294,0.9842,0.0281,1.4484,0.0085,63.46,0.086,2436.7841,42.395,0,monomer
296,296,1.0397,0.0189,1.437,0.0056,59.4906,0.1407,2194.1351,42.9212,0,monomer
297,297,0.9606,0.033,1.4496,0.0102,77.3142,0.1605,3557.1586,42.9146,0,monomer
298,298,1.0396,0.0433,1.4404,0.0062,88.0696,0.2274,4512.4592,43.0844,0,monomer
299,299,1.4777,0.1481,1.4009,0.0222,49.8276,0.2998,709.4013,43.221,0,dimer
300,300,1.0979,0.0606,1.4255,0.012,82.2287,0.1028,5243.4225,43.1777,0,monomer
301,301,1.0846,0.0335,1.4309,0.0126,66.9387,0.3308,3736.4436,43.7272,0,monomer
302,302,1.0317,0.0338,1.435,0.0103,69.6668,0.274,4770.17,43.8238,0,monomer
303,303,1.0594,0.0285,1.4392,0.0058,87.8164,0.2352,3837.5181,43.8538,0,monomer
304,304,1.0584,0.0233,1.4279,0.0033,67.7553,0.1772,4317.8342,43.9337,0,monomer
305,305,1.0625,0.0122,1.4277,0.0029,79.2699,0.3635,4114.2807,44.047,0,monomer
306,306,1.093,0.0267,1.4283,0.0053,81.519,0.2517,4105.6368,44.047,0,monomer
309,309,1.0163,0.0221,1.4557,0.0094,63.3431,0.1995,3388.5496,44.1535,0,monomer
311,311,0.9382,0.0288,1.4549,0.0094,84.9764,0.2018,3539.9771,44.2668,0,monomer
312,312,1.7452,0.1013,1.3899,0.0066,80.2761,0.4424,3728.3105,44.3534,0,dimer
313,313,1.181,0.0486,1.4457,0.0142,83.5856,0.2248,3193.7026,44.4133,0,dimer
314,314,1.0672,0.0207,1.4335,0.0052,70.712,0.2149,3344.8305,44.5665,0,monomer
315,315,1.7811,0.0507,1.3906,0.0039,78.7127,0.161,3186.1626,44.7197,0,dimer
316,316,1.8288,0.0483,1.372,0.0014,82.4621,0.1359,2923.571,44.7264,1,dimer
317,317,1.1271,0.0206,1.4263,0.0054,74.8255,0.2086,3244.5663,44.753,0,monomer
318,318,1.0238,0.0476,1.4373,0.0136,89.1234,0.2361,2251.971,44.8063,0,monomer
319,319,0.9303,0.0481,1.4538,0.0142,73.5715,0.0463,3238.3019,45.1993,0,monomer
320,320,1.141,0.0273,1.4188,0.0051,87.9756,0.1763,2448.584,45.2993,0,monomer
321,321,1.0822,0.0344,1.4245,0.0072,72.051,0.1888,3210.3402,45.2959,0,monomer
323,323,1.0244,0.0321,1.4405,0.0058,76.6587,0.1272,3076.523,45.5257,0,monomer
324,324,1.7769,0.1126,1.3825,0.0155,89.9259,0.2236,2073.1228,45.9187,0,dimer
325,325,1.0608,0.0147,1.4343,0.0059,54.2001,0.1746,1205.7513,46.0719,0,monomer
326,326,0.9537,0.0137,1.4561,0.0054,64.139,0.1475,2878.693,46.0853,0,monomer
327,327,1.0806,0.0308,1.4238,0.0072,77.2143,0.1853,3368.3179,46.1985,0,monomer
330,330,1.0325,0.0166,1.4352,0.0046,60.7757,0.2008,2526.5321,47.1244,0,monomer
331,331,1.8749,0.0211,1.371,0.0011,61.7223,0.1635,2517.1083,47.4575,0,dimer
334,334,1.1221,0.0343,1.4174,0.0062,78.2386,0.1282,2906.3008,47.8838,0,monomer
336,336,0.9793,0.0619,1.4422,0.012,66.1715,0.1205,2983.9847,48.1702,0,monomer
337,337,1.119,0.0602,1.4258,0.0285,76.1042,0.1845,3403.1915,48.2701,0,monomer
338,338,1.1211,0.0678,1.4227,0.0151,90.8015,0.2257,2001.7361,48.3101,0,monomer
339,339,1.0072,0.0288,1.4542,0.007,65.0698,0.1578,2697.7849,48.6498,0,monomer
340,340,0.7038,0.0857,1.387,0.0236,65.0344,0.2841,2690.4625,48.7098,1,extra
341,341,1.7651,0.0501,1.3812,0.004,57.7257,0.0349,1694.3638,48.9163,0,dimer
342,342,1.0869,0.0297,1.4276,0.0086,87.2334,0.2145,2124.9314,49.0228,0,monomer
343,343,1.0237,0.059,1.4402,0.0106,87.4428,0.2927,2302.4869,49.5757,0,monomer
345,345,1.4588,0.0704,1.4026,0.0115,81.5491,0.2442,2620.4986,50.1419,0,dimer
346,346,0.8248,0.1915,1.3615,0.1164,47.9668,3.1829,2501.8754,50.6948,1,extra
348,348,0.9901,0.0231,1.4439,0.0031,87.1339,0.4515,2801.7335,51.3143,0,monomer
349,349,1.0079,0.031,1.4404,0.0081,57.4704,0.156,1810.5251,51.5541,0,monomer
350,350,1.259,0.2525,1.4564,0.0336,83.1704,4.7654,2642.7633,51.6007,1,dimer
353,353,1.356,0.1413,1.375,0.033,58.0805,0.2101,1916.7907,52.6265,0,dimer
354,354,1.0289,0.032,1.4346,0.0061,89.8058,0.3288,2200.3717,52.6998,0,monomer
355,355,1.0564,0.0341,1.4266,0.0076,72.1912,0.2265,3245.6133,52.7331,0,monomer
357,357,1.0501,0.0239,1.4322,0.005,86.1529,0.159,2439.1259,53.0662,0,monomer
358,358,1.063,0.0397,1.435,0.0151,67.6705,0.2148,2646.0921,53.1461,0,monomer
359,359,1.0742,0.0412,1.4271,0.0088,68.3177,0.19,2655.2491,53.226,0,monomer
362,362,1.053,0.0266,1.435,0.0065,64.1676,0.1926,2879.6846,53.4925,0,monomer
364,364,1.0875,0.0105,1.4284,0.0031,63.3169,0.235,2635.807,53.6457,0,monomer
365,365,1.1167,0.0413,1.4074,0.0061,63.5754,0.2447,2662.1699,53.699,0,monomer
367,367,1.4928,0.0247,1.4221,0.0028,71.6446,0.1672,3085.1305,53.9321,0,dimer
368,368,1.028,0.0293,1.4402,0.0061,66.0511,0.1331,2565.5263,54.0986,0,monomer
370,370,1.5833,0.0933,1.3856,0.0113,68.2361,0.2116,2622.933,54.3451,0,dimer
372,372,1.0788,0.0589,1.4307,0.0182,82.9321,0.2235,2947.2867,54.6382,0,monomer
374,374,1.0273,0.0232,1.4292,0.0076,57.2086,0.1129,1504.9971,55.291,0,monomer
376,376,1.0663,0.022,1.4268,0.0035,57.698,0.2823,2047.61,55.6174,0,monomer
377,377,1.6846,0.0601,1.3827,0.005,66.6805,0.3205,3070.5866,55.6507,0,dimer
378,378,1.0696,0.081,1.4342,0.029,77.0835,0.1338,3127.3916,55.8705,0,monomer
379,379,1.8763,0.1079,1.3773,0.01,61.8004,0.1331,2413.1138,56.077,1,dimer
381,381,1.5526,0.096,1.4308,0.0094,70.1563,0.2793,2758.0344,56.4833,0,dimer
382,382,1.4903,0.0174,1.431,0.0022,70.6478,0.4612,2676.7955,56.49,1,dimer
383,383,1.0365,0.0202,1.4309,0.006,62.2502,0.287,2114.6924,56.5633,0,monomer
385,385,1.8677,0.0473,1.3759,0.0036,67.4734,0.194,2628.2691,57.5624,0,dimer
386,386,1.3346,0.0793,1.4191,0.0146,77.4281,0.1066,3303.1245,57.7423,0,dimer
387,387,1.1574,0.0145,1.4819,0.0075,74.4036,0.1253,3414.4845,57.7956,0,dimer
388,388,1.0453,0.0308,1.4311,0.004,74.6082,0.3684,3372.7683,57.8622,0,monomer
389,389,1.0737,0.0298,1.423,0.0077,71.7029,0.203,3175.8604,57.9621,0,monomer
391,391,1.7755,0.1273,1.3765,0.0162,59.4239,0.4423,2050.5982,58.3418,1,dimer
392,392,1.1387,0.0582,1.4297,0.0103,69.3661,0.2019,2932.7047,58.3351,0,monomer
393,393,0.724,0.099,1.3873,0.0325,64.4942,0.197,2418.8302,58.6016,1,extra
395,395,1.1226,0.0254,1.4153,0.005,78.6825,0.1648,3420.7775,58.8081,0,monomer
396,396,1.0567,0.0329,1.4307,0.0061,78.5409,0.1321,2950.8089,59.3743,0,monomer
397,397,1.1205,0.0246,1.4194,0.0048,67.5503,0.1679,2733.1263,59.4609,0,monomer
400,400,0.998,0.0211,1.4528,0.0044,72.7132,0.1934,3414.3695,60.0937,0,monomer
401,401,1.0494,0.0452,1.4257,0.0126,84.1166,0.2408,2856.5106,60.1403,0,monomer
402,402,1.0347,0.0307,1.4387,0.0082,92.8634,0.1641,1941.6758,60.1669,0,monomer
403,403,1.6383,0.2086,1.4049,0.0265,82.4527,0.0672,2805.5174,60.2535,0,dimer
404,404,1.0761,0.0501,1.4098,0.0109,84.208,0.305,2553.8365,60.6532,0,monomer
406,406,0.9818,0.0335,1.4614,0.0116,78.1609,0.1633,2895.4722,60.7798,0,monomer
408,408,0.9831,0.0249,1.458,0.0075,75.943,0.2547,3353.2905,61.306,0,monomer
409,409,1.0943,0.0546,1.4249,0.0155,78.9807,0.1734,3172.3701,61.3793,0,monomer
411,411,1.0285,0.0297,1.4491,0.0079,63.5591,0.2547,2467.6812,61.6191,0,monomer
412,412,1.0532,0.042,1.4413,0.0106,91.2608,0.2838,1816.5921,61.6524,0,monomer
413,413,1.0685,0.0239,1.4272,0.0066,87.5962,0.3208,3671.1974,62.2119,0,monomer
415,415,1.0217,0.0229,1.4539,0.0061,62.655,0.1671,3796.0474,62.2719,0,monomer
417,417,0.9614,0.022,1.468,0.008,61.6863,0.1909,3076.561,62.6316,0,monomer
418,418,0.9812,0.0269,1.4557,0.0112,56.6273,0.2153,1927.4288,62.7781,0,monomer
421,421,0.9585,0.025,1.4461,0.0056,65.1025,0.116,3034.9696,62.9979,0,monomer
423,423,1.7664,0.0706,1.3767,0.006,95.4567,0.3695,1396.3343,63.0446,0,dimer
424,424,0.8834,0.0397,1.4802,0.0137,59.9909,0.1533,2786.5717,63.0645,0,monomer
426,426,1.0377,0.0166,1.4296,0.0028,80.6365,0.2238,3781.17,63.2444,0,monomer
429,429,1.044,0.0359,1.4261,0.0079,83.5841,0.2123,2941.2099,63.684,0,monomer
430,430,1.9216,0.0328,1.369,0.0021,78.1797,0.1118,3104.382,63.8106,1,dimer
432,432,1.043,0.0306,1.4441,0.0055,62.3431,0.2477,2338.4034,63.9505,0,monomer
433,433,1.042,0.064,1.4329,0.0227,61.1842,0.1864,2127.1728,63.9971,0,monomer
435,435,1.8732,0.0605,1.3722,0.0037,67.0479,0.2289,2868.6996,64.5433,1,dimer
436,436,0.8603,0.0492,1.413,0.0101,72.9422,0.2352,3155.4496,64.6432,0,extra
437,437,1.0735,0.0364,1.4359,0.0069,79.9977,0.2753,3426.0754,65.2094,0,monomer
439,439,1.4938,0.0526,1.4265,0.0076,67.6876,0.0609,2576.8734,66.0821,0,dimer
440,440,1.8965,0.0645,1.3709,0.0013,78.4718,0.6738,2547.2446,66.1287,1,dimer
442,442,1.0538,0.0572,1.4364,0.0099,78.7785,0.2563,3264.3718,66.4018,0,monomer
443,443,1.9556,0.0864,1.3734,0.0043,61.2655,0.498,2434.1387,66.4751,1,dimer
444,444,1.4181,0.0247,1.3909,0.0029,76.7394,0.2502,3144.0931,66.5816,0,dimer
449,449,1.002,0.0085,1.4499,0.0045,93.7387,0.2711,1608.9492,66.8947,0,monomer
452,452,1.1026,0.039,1.4355,0.0093,75.2921,0.2056,2676.32,67.1345,0,monomer
453,453,1.1108,0.0189,1.4184,0.0045,77.2649,0.2502,3169.102,67.361,0,monomer
457,457,1.1584,0.0124,1.4187,0.0038,74.7887,0.1933,2927.3523,67.794,0,monomer
458,458,1.1003,0.0289,1.4326,0.0076,63.0411,0.2234,2269.5,67.9005,0,monomer
459,459,1.0593,0.0396,1.4405,0.0072,67.4084,0.1587,2605.427,67.9139,0,monomer
460,460,0.9705,0.0545,1.4562,0.0193,75.1318,0.1679,2546.2747,68.1204,1,monomer
463,463,1.0883,0.0201,1.4073,0.0035,68.2903,0.1523,2715.5832,68.4001,0,monomer
464,464,1.0031,0.0206,1.4465,0.0032,72.357,0.1394,2853.2197,69.0063,0,monomer
465,465,1.0175,0.0539,1.4332,0.0113,87.598,0.2381,2136.0082,69.0396,0,monomer
466,466,1.885,0.0233,1.3909,0.0024,71.4754,0.3025,2604.3148,69.2794,0,dimer
467,467,1.042,0.012,1.4305,0.0056,66.9372,0.1415,2454.0883,69.2927,0,monomer
469,469,1.0641,0.0437,1.4283,0.0121,64.4558,0.2402,2787.676,69.5192,0,monomer
470,470,1.065,0.037,1.4332,0.0054,85.8688,0.2076,2718.4703,69.5525,0,monomer
472,472,0.9457,0.0419,1.4518,0.0122,78.1085,0.2164,2924.03,70.0188,0,monomer
473,473,1.7679,0.0433,1.3815,0.0036,55.9931,0.262,1475.8957,70.0721,0,dimer
475,475,1.6195,0.1083,1.3933,0.0129,88.9266,0.2184,2214.8076,70.5517,0,dimer
476,476,1.0381,0.0084,1.4343,0.004,60.2425,0.1248,2002.2232,70.9647,0,monomer
479,479,1.0943,0.0474,1.4291,0.0123,91.9063,0.2952,1488.2025,71.3377,0,monomer
480,480,1.0043,0.0392,1.4404,0.0106,90.6775,0.2013,1764.8193,71.4643,0,monomer
484,484,1.6488,0.062,1.3881,0.0052,61.6813,0.3322,2320.9028,71.824,1,dimer
485,485,1.0455,0.0199,1.4388,0.0045,55.3079,0.1772,1237.7681,71.9239,0,monomer
486,486,1.1144,0.0612,1.4374,0.0133,80.4782,0.2843,2841.3679,72.8964,0,monomer
487,487,1.0138,0.0264,1.4321,0.0068,71.4138,0.1718,3095.3455,72.9031,0,monomer
488,488,1.0388,0.0313,1.4365,0.0078,83.6931,0.2472,2716.0686,73.0496,0,monomer
490,490,1.0475,0.0159,1.4467,0.0053,57.862,0.2468,1474.5161,73.5559,0,monomer
491,491,1.6332,0.1242,1.4112,0.0129,66.5399,0.2655,2425.7753,73.5892,0,dimer
492,492,1.8412,0.1419,1.3761,0.0262,91.4261,0.2258,1638.1244,73.6025,0,dimer
494,494,1.0774,0.0272,1.4187,0.007,85.6692,0.1692,2789.2672,73.7957,0,monomer
495,495,1.8775,0.0528,1.3694,0.0038,62.6743,0.0889,2618.0367,74.0621,1,dimer
497,497,1.8336,0.019,1.3756,0.0008,57.4864,0.3046,1553.343,74.7815,1,dimer
498,498,1.0984,0.0361,1.4346,0.0089,68.1325,0.1871,3049.0927,74.9081,0,monomer
500,500,1.7216,0.0451,1.4065,0.0049,79.7046,0.3319,3028.0755,75.0546,1,dimer
503,503,1.06,0.0356,1.4395,0.0105,93.1591,0.1316,1625.8415,75.4143,0,monomer
504,504,1.04,0.0356,1.4229,0.0069,67.3689,0.1625,2504.023,75.5875,0,monomer
505,505,1.0727,0.0489,1.4397,0.0127,68.796,0.2639,2539.4734,75.6941,0,monomer
506,506,1.1239,0.0475,1.4232,0.0099,64.6785,0.3457,2215.7441,75.7341,1,monomer
507,507,1.092,0.0245,1.4347,0.0058,80.0171,0.1378,2474.0589,75.7441,0,monomer
509,509,0.7539,0.0614,1.3963,0.0147,63.7299,0.15,2259.1941,76.7665,0,extra
510,510,1.5637,0.1859,1.4022,0.0206,87.4628,0.0562,4196.556,77.2761,0,dimer
512,512,1.2059,0.0342,1.4337,0.0075,57.6285,0.1363,2805.832,77.4193,0,dimer
513,513,1.1428,0.0214,1.421,0.0025,89.7941,0.2472,3072.1884,77.5159,0,monomer
514,514,1.3034,0.1068,1.3778,0.0146,49.3479,2.3603,1651.8019,77.7757,0,dimer
516,516,1.0403,0.0268,1.4379,0.008,66.0636,0.22,3831.8628,77.779,0,monomer
517,517,1.77,0.1132,1.3754,0.0134,57.8466,0.2226,2423.0019,77.8257,0,dimer
519,519,1.6786,0.1129,1.3862,0.0221,52.431,0.2331,1353.2158,78.1121,0,dimer
520,520,1.8537,0.0225,1.3746,0.0019,76.2832,0.4095,4237.647,78.1621,0,dimer
521,521,1.0159,0.0119,1.4447,0.005,77.4386,0.2281,4304.3506,78.1687,0,monomer
522,522,1.0454,0.029,1.4459,0.0081,74.4621,0.2401,4376.3544,78.1987,0,monomer
523,523,1.8158,0.0396,1.3736,0.0019,65.1814,0.2064,3721.1258,78.2586,0,dimer
524,524,1.8644,0.0752,1.3735,0.0048,62.1938,0.2432,3271.0396,78.272,1,dimer
525,525,1.0226,0.036,1.4375,0.0116,82.0676,0.1897,3640.7487,78.5051,0,monomer
526,526,1.1139,0.0351,1.4342,0.0071,61.078,0.1957,2660.7228,78.5651,0,monomer
529,529,1.1114,0.0286,1.421,0.0075,62.9469,0.1139,2471.0414,79.1013,0,monomer
530,530,0.8513,0.0401,1.3992,0.0074,64.1411,0.238,3051.9129,79.1779,0,extra
532,532,1.0321,0.0266,1.424,0.004,87.9141,0.365,2609.8906,79.5975,0,monomer
534,534,0.987,0.0287,1.4458,0.0063,75.805,0.2469,2913.9885,79.9206,0,monomer
535,535,0.9546,0.0354,1.4439,0.0133,76.5077,0.1447,3009.6372,80.0238,0,monomer
538,538,1.0879,0.0324,1.4304,0.0068,78.7996,0.1667,3342.7141,80.4169,0,monomer
539,539,1.0314,0.0274,1.438,0.0047,65.4876,0.223,2862.0242,80.4635,0,monomer
545,545,1.0784,0.0254,1.4326,0.004,86.5788,0.1221,2501.7956,81.8756,0,monomer
546,546,0.9802,0.0328,1.4454,0.011,62.2066,0.3163,2137.8593,82.0488,0,monomer
548,548,1.1166,0.0508,1.4164,0.0054,75.1467,0.2943,2811.3061,82.2287,0,monomer
549,549,1.6266,0.0559,1.3907,0.0056,71.6136,0.1248,2684.3305,82.2753,0,dimer
552,552,1.0972,0.0248,1.4352,0.0036,51.5158,0.1399,621.1361,82.6483,0,monomer
553,553,1.7678,0.0467,1.379,0.0037,57.4917,0.4462,1971.387,82.5617,1,dimer
556,556,1.0419,0.0455,1.433,0.0125,79.6455,0.0977,2947.0875,82.8815,0,monomer
558,558,1.1299,0.0204,1.4199,0.0047,66.2229,0.1013,3048.5709,83.4743,0,monomer
560,560,1.7551,0.0848,1.3804,0.0039,58.6873,0.214,2089.253,83.7608,0,dimer
562,562,1.043,0.0278,1.4398,0.0061,70.0588,0.1565,2840.8924,84.0139,0,monomer
563,563,1.0886,0.0451,1.4301,0.0082,61.0809,0.1293,1964.9324,84.227,0,monomer
564,564,1.0761,0.0137,1.4393,0.0038,79.2611,0.2287,3162.9913,84.7599,0,monomer
565,565,1.0906,0.0201,1.4284,0.0033,64.9398,0.3391,2649.6651,84.8732,0,monomer
566,566,1.0719,0.0283,1.4345,0.0062,60.0923,0.1196,2135.9117,84.9431,0,monomer
568,568,1.1178,0.0285,1.4223,0.0045,79.583,0.3246,3201.3408,85.6126,0,monomer
570,570,1.1127,0.0181,1.4261,0.0064,97.4567,0.1159,923.523,85.8057,0,monomer
571,571,1.7588,0.0313,1.377,0.0023,69.8458,0.169,3328.6896,85.7658,1,dimer
572,572,1.7596,0.1194,1.377,0.0163,92.0321,0.4148,1911.0594,85.9123,0,dimer
573,573,1.6514,0.0566,1.3859,0.0037,63.2794,0.091,2734.1587,85.9656,1,dimer
574,574,1.0944,0.0168,1.4287,0.0049,79.4758,0.1923,3082.3658,86.0056,0,monomer
575,575,1.0672,0.0579,1.4374,0.0105,84.9659,0.1698,2604.4859,86.1787,0,monomer
576,576,1.1711,0.0214,1.4199,0.003,94.2001,0.2221,1380.2671,86.4252,0,monomer
579,579,1.9043,0.0307,1.3885,0.0027,69.4649,0.3314,3230.1417,86.6517,0,dimer
580,580,0.9896,0.04,1.4467,0.0093,87.3207,0.1974,2592.9072,87.0647,0,monomer
581,581,1.5348,0.1315,1.3999,0.027,91.3057,0.3336,2124.9857,87.6708,0,dimer
582,582,1.676,0.0638,1.3826,0.0043,54.8019,0.2758,1469.5843,87.7574,0,dimer
583,583,1.7908,0.0754,1.3781,0.0067,78.7039,0.114,3235.85,87.8107,0,dimer
584,584,1.1209,0.0469,1.427,0.0098,70.1711,0.2666,3157.3551,87.8507,0,monomer
585,585,1.9774,0.0213,1.3676,0.001,81.1097,0.3031,3178.107,87.884,1,dimer
587,587,1.0754,0.0475,1.4212,0.0114,81.1383,0.2856,2962.7485,87.9906,0,monomer
588,588,1.06,0.0305,1.4271,0.0058,72.4132,0.234,2996.4138,88.0372,1,monomer
590,590,1.7805,0.0162,1.375,0.0008,74.7059,0.5307,3116.0607,88.1571,1,dimer
593,593,1.0637,0.0326,1.4398,0.0043,87.0316,0.2214,2270.4159,88.6034,0,monomer
594,594,1.1376,0.0431,1.4223,0.0081,76.1638,0.3029,3460.4257,88.8232,0,monomer
596,596,1.0718,0.0307,1.4329,0.0058,83.6663,0.2062,4649.0798,89.0397,0,monomer
597,597,1.0752,0.0297,1.4298,0.0058,67.2186,0.2378,3987.0372,89.2828,0,monomer
598,598,1.7898,0.0388,1.3762,0.0032,86.2173,0.2209,3479.9942,89.3561,0,dimer
599,599,0.9854,0.0484,1.4527,0.0107,85.1527,0.1747,3470.214,89.5093,0,monomer
601,601,1.0509,0.0279,1.4344,0.0103,83.9291,0.1956,3447.871,89.6326,0,monomer
602,602,1.8858,0.0444,1.3724,0.002,88.4587,0.2241,2684.7219,89.7758,0,dimer
603,603,1.034,0.0154,1.4449,0.0007,81.3048,0.245,4201.9103,89.879,0,monomer
605,605,1.5547,0.0315,1.3796,0.0024,72.6335,0.0979,3964.3269,90.1421,0,dimer
606,606,1.0314,0.0335,1.426,0.0083,81.8579,0.1596,3623.6391,90.1488,0,monomer
607,607,1.8046,0.1133,1.3904,0.01,85.0682,0.3339,3189.4098,90.1621,0,dimer
609,609,1.0692,0.0495,1.4314,0.0089,74.9721,0.2091,3173.8393,90.8349,0,monomer
610,610,1.0954,0.0275,1.4297,0.0063,74.1251,0.2534,3278.9473,90.9015,0,monomer
611,611,1.0979,0.0309,1.4331,0.0052,76.9757,0.1376,3396.1114,91.2812,0,monomer
612,612,1.0778,0.0366,1.4413,0.0089,56.8673,0.128,1655.6733,91.3878,0,monomer
613,613,1.0805,0.0409,1.4304,0.0098,65.1176,0.1498,2609.5423,91.6542,0,monomer
614,614,0.9866,0.0362,1.4551,0.0087,75.4416,0.1572,3114.0243,91.7208,0,monomer
616,616,1.9721,0.0419,1.3756,0.0024,74.6188,0.1338,3528.0831,92.1738,1,dimer
617,617,1.2875,0.0421,1.4143,0.0079,79.8426,0.2329,3196.5209,92.287,0,dimer
619,619,1.8456,0.1121,1.3758,0.0098,89.8444,0.1567,1874.3978,92.9665,0,dimer
622,622,1.0642,0.0637,1.3706,0.0067,73.0265,0.2694,2825.9996,94.0722,1,extra
623,623,1.1184,0.0261,1.4254,0.0057,54.114,0.0926,1259.5152,94.2654,0,monomer
624,624,1.0708,0.0376,1.4219,0.0077,84.4713,0.1963,3156.662,94.3653,0,monomer
625,625,1.0797,0.0265,1.4315,0.0054,84.1195,0.241,2901.0579,94.372,0,monomer
627,627,1.2114,0.0107,1.4582,0.0025,78.6253,0.1164,3135.4822,94.6384,0,dimer
628,628,0.9858,0.042,1.4466,0.0105,87.1896,0.1815,2624.156,94.6517,0,monomer
631,631,0.8404,0.0599,1.4286,0.023,73.1606,0.2389,3229.554,95.5044,0,extra
632,632,1.0312,0.0224,1.4417,0.0059,59.6757,0.1859,2184.361,95.6243,0,monomer
635,635,1.0046,0.0438,1.4431,0.0135,67.7519,0.1844,2797.3424,96.1105,0,monomer
636,636,1.0893,0.0118,1.4297,0.0038,78.6367,0.279,3424.1701,96.387,0,monomer
637,637,1.0604,0.0375,1.4275,0.0096,91.568,0.1629,2187.1684,96.5368,0,monomer
638,638,1.0476,0.0301,1.4347,0.0078,61.7831,0.2588,2637.0043,96.5502,0,monomer
639,639,1.458,0.0629,1.4068,0.0049,72.5841,0.1754,3350.6702,96.6101,0,dimer
641,641,1.0952,0.0572,1.4235,0.0155,67.4412,0.139,3018.1102,96.6834,0,monomer
644,644,1.0728,0.0166,1.4299,0.0035,52.1202,0.1259,621.2686,97.2662,0,monomer
645,645,1.155,0.0287,1.4254,0.0051,78.057,0.1688,3001.8437,97.203,0,monomer
646,646,1.1224,0.0254,1.4259,0.0048,79.6251,0.213,2939.7437,97.2696,0,monomer
647,647,0.9028,0.0537,1.3995,0.0118,89.2627,0.4029,2735.039,97.6159,0,extra
648,648,1.0372,0.3511,1.3617,0.3323,43.9414,2.214,,97.9757,1,extra
649,649,1.0561,0.0179,1.4273,0.0038,78.5831,0.2593,3215.7442,98.2354,0,monomer
651,651,1.0483,0.0413,1.4346,0.0095,73.4714,0.1684,3991.767,98.3853,0,monomer
652,652,1.1074,0.0254,1.4288,0.0076,58.6054,0.2438,2357.1937,98.4619,0,monomer
654,654,1.0803,0.0292,1.4269,0.0073,71.5281,0.2362,3660.7311,98.6085,0,monomer
657,657,1.1514,0.1293,1.3606,0.0228,65.9801,0.3303,2963.6811,99.1014,1,extra
658,658,1.029,0.0138,1.4365,0.0042,65.3717,0.117,3361.4737,99.5077,0,monomer
660,660,1.0468,0.0348,1.4207,0.0087,89.0181,0.2153,2521.2016,99.8574,0,monomer
661,661,1.0056,0.0078,1.4417,0.0063,76.3557,0.1702,3569.4785,99.9007,0,monomer
662,662,1.1247,0.0231,1.4216,0.0053,62.6722,0.2006,2677.0317,99.914,0,monomer
663,663,1.0414,0.0308,1.4459,0.0063,58.8797,0.1728,2021.3073,100.1405,0,monomer
665,665,1.1166,0.0319,1.4205,0.0074,90.5018,0.3702,1979.5678,100.347,0,monomer
666,666,0.9671,0.0172,1.459,0.0045,70.7965,0.1534,3089.8039,100.3603,0,monomer
668,668,1.0985,0.0577,1.4288,0.0106,91.0043,0.2067,2331.9872,100.6068,0,monomer
669,669,1.0544,0.0387,1.4312,0.0143,84.334,0.187,3326.3923,100.7667,0,monomer
670,670,1.1189,0.0296,1.4204,0.0041,97.9462,0.1921,887.2046,101.1597,0,monomer
671,671,1.9444,0.0947,1.3836,0.0098,70.6992,0.2003,3573.3849,101.5993,1,dimer
674,674,1.1343,0.0155,1.4205,0.0051,80.85,0.1957,3094.1915,101.9723,0,monomer
675,675,1.0283,0.0158,1.4465,0.0068,72.4289,0.1584,3411.7338,101.9923,0,monomer
676,676,1.0149,0.024,1.4394,0.006,62.3469,0.2005,2497.3126,102.1322,0,monomer
677,677,1.1771,0.0404,1.4107,0.0052,93.333,0.3086,1654.9854,102.3121,0,monomer
678,678,1.4189,0.0646,1.4119,0.0067,76.9159,0.3942,3019.014,102.4453,0,dimer
680,680,1.0621,0.0266,1.4354,0.0058,97.346,0.3432,1759.6933,103.4378,0,monomer
681,681,0.8915,0.0631,1.3911,0.0161,98.2342,0.4128,1184.9341,103.4578,1,extra
683,683,1.0168,0.0251,1.4379,0.0063,92.9236,0.2052,2376.9309,103.6976,0,monomer
684,684,1.779,0.0155,1.4022,0.0032,72.36,0.42,5204.9989,103.8142,1,dimer
685,685,0.7806,0.2056,1.3702,0.0226,56.1762,2.4493,2344.3208,103.8574,1,extra
687,687,1.8285,0.0154,1.386,0.0013,75.0216,0.1795,4233.8941,104.2271,0,dimer
691,691,1.0957,0.0275,1.4234,0.004,62.0091,0.1643,2646.4026,104.6834,0,monomer
693,693,1.0713,0.0273,1.4362,0.0074,79.7715,0.2051,4104.917,104.8167,0,monomer
694,694,0.99,0.0196,1.4444,0.006,89.1103,0.1457,3171.9663,104.8233,0,monomer
696,696,1.1468,0.0288,1.4181,0.0073,90.1124,0.1634,2392.7731,105.223,0,monomer
697,697,1.6172,0.0909,1.4077,0.0152,65.889,0.2914,3015.205,105.4162,0,dimer
700,700,1.0835,0.0249,1.4287,0.0063,62.7871,0.2151,2758.9782,106.0223,0,monomer
701,701,1.7059,0.0726,1.451,0.0092,72.2009,0.2,3640.0331,106.0556,0,dimer
703,703,1.0659,0.0266,1.4322,0.0042,64.296,0.2186,2734.1994,106.4753,0,monomer
704,704,1.0034,0.0498,1.4432,0.0102,77.7206,0.2349,2976.7381,106.5819,0,monomer
705,705,1.8033,0.0251,1.3765,0.0027,87.4092,0.3207,2356.2475,106.875,0,dimer
706,706,1.0782,0.0348,1.4259,0.0083,90.6972,0.23,2375.2341,107.2613,0,monomer
707,707,1.0391,0.0262,1.4302,0.0065,83.8582,0.1619,2706.4212,107.5444,0,monomer
708,708,1.097,0.0104,1.4292,0.0033,60.5499,0.1775,2002.4057,107.9541,0,monomer
711,711,1.924,0.1672,1.3698,0.0187,84.2696,0.4032,2717.846,108.3071,0,dimer
712,712,1.7637,0.0779,1.38,0.0077,83.988,0.3591,3014.5262,108.377,1,dimer
713,713,1.045,0.0321,1.4324,0.0064,83.3902,0.2193,3016.4555,108.397,0,monomer
714,714,1.0289,0.0317,1.4475,0.0094,79.1041,0.2674,3065.7784,108.8933,0,monomer
715,715,1.0797,0.0275,1.4291,0.0068,71.8458,0.1515,2955.0928,109.0132,0,monomer
716,716,1.0962,0.0355,1.4196,0.0045,92.5793,0.2068,1865.7759,109.0465,0,monomer
717,717,0.9952,0.035,1.4369,0.0087,74.8982,0.2254,3515.4396,109.0665,0,monomer
718,718,1.1081,0.0236,1.4259,0.006,76.5341,0.2254,3344.9699,109.2796,0,monomer
719,719,1.0379,0.0226,1.4238,0.0051,76.6116,0.3583,3321.655,109.4595,1,monomer
720,720,0.9532,0.0282,1.461,0.0075,78.5426,0.1744,3251.7955,109.586,0,monomer
721,721,1.7521,0.0738,1.3768,0.0056,90.4828,0.1717,1987.9325,109.6393,0,dimer
722,722,0.9796,0.0306,1.4544,0.0036,69.3773,0.2258,3016.637,109.6593,0,monomer
723,723,1.1099,0.039,1.4301,0.0069,97.7533,0.0972,913.3234,109.8125,0,monomer
725,725,1.8843,0.0223,1.3707,0.0017,69.9608,0.1416,2844.5484,109.979,1,dimer
726,726,1.012,0.0153,1.4464,0.0056,87.2438,0.1881,2357.6369,110.019,0,monomer
728,728,1.6531,0.0596,1.3839,0.0055,93.2382,0.355,1492.4466,110.5452,0,dimer
729,729,1.0741,0.0378,1.4402,0.0128,82.245,0.2251,2957.8141,110.6718,0,monomer
730,730,0.7325,0.0443,1.4183,0.0409,52.6278,0.1579,769.9813,110.9116,0,extra
732,732,0.9736,0.0232,1.4525,0.0081,71.6534,0.1759,2957.6652,111.0115,0,monomer
733,733,1.0776,0.0436,1.4258,0.0074,90.2777,0.2483,1851.2031,111.1714,0,monomer
734,734,1.4087,0.0906,1.4308,0.0157,58.3811,0.3544,2267.5652,111.3446,1,dimer
735,735,1.7319,0.044,1.3801,0.0041,83.4633,0.2245,2740.0565,111.8775,0,dimer
736,736,0.9882,0.026,1.4553,0.008,97.4151,0.2576,1002.7388,111.9574,0,monomer
740,740,1.1448,0.0264,1.4223,0.0054,77.6259,0.2258,3368.0522,113.1897,0,monomer
742,742,1.029,0.0297,1.4295,0.0053,80.0972,0.3187,3607.7228,113.5761,0,monomer
744,744,0.7955,0.2808,1.3602,0.2257,45.2062,1.0992,0.638,114.0956,1,extra
745,745,1.8995,0.0179,1.3709,0.0008,77.0212,0.185,3551.411,114.5353,1,dimer
746,746,1.6565,0.1308,1.3916,0.0172,87.081,0.1211,2512.8203,114.7151,0,dimer
747,747,1.147,0.0249,1.4218,0.0062,86.3985,0.1643,2493.1356,114.8683,0,monomer
749,749,1.8108,0.0187,1.3747,0.002,87.1444,0.3251,2301.1828,115.0082,0,dimer
750,750,1.0652,0.0396,1.4295,0.0079,86.4926,0.2901,2472.7221,115.1081,0,monomer
752,752,1.1174,0.036,1.4391,0.007,65.6942,0.0645,2269.0677,115.4279,0,monomer
753,753,1.5463,0.0666,1.3937,0.0059,83.8482,0.2006,3157.2736,115.5877,0,dimer
754,754,1.0534,0.0419,1.4343,0.0097,78.4135,0.2411,3261.3913,115.7942,0,monomer
755,755,1.061,0.0364,1.4339,0.009,63.6925,0.1726,2410.5577,116.094,0,monomer
757,757,0.9814,0.0256,1.4519,0.0075,78.5127,0.191,2943.8392,116.1473,0,monomer
758,758,1.8127,0.0205,1.395,0.0012,65.3612,0.186,2435.5415,116.3338,0,dimer
759,759,1.8476,0.0261,1.3776,0.0022,67.2098,0.198,2454.5888,116.4204,0,dimer
760,760,1.1647,0.0363,1.4094,0.0042,73.8616,0.1716,3248.8216,116.5603,0,monomer
761,761,1.6528,0.1294,1.3886,0.0208,62.3811,0.2043,2612.8366,116.7401,0,dimer
762,762,1.6704,0.037,1.3883,0.0035,73.8558,0.3229,3277.0269,116.8201,0,dimer
765,765,1.0098,0.0263,1.4308,0.0083,61.1692,0.1837,1984.4136,117.5528,0,monomer
766,766,0.9592,0.0095,1.4543,0.0046,73.7596,0.1975,3515.8734,117.6594,0,monomer
768,768,1.733,0.0268,1.3806,0.0029,75.0056,0.092,3407.3027,117.9858,0,dimer
769,769,1.0226,0.0399,1.4475,0.0098,66.635,0.2434,2718.9773,118.1589,0,monomer
773,773,1.0757,0.0559,1.4305,0.0108,72.2821,0.2324,2847.3909,118.4787,0,monomer
774,774,1.0321,0.0589,1.4392,0.0147,73.3955,0.1616,3253.7694,118.6918,0,monomer
775,775,1.0311,0.0467,1.4301,0.0139,66.7198,0.117,3177.9781,118.7118,0,monomer
777,777,1.0503,0.0274,1.4419,0.0058,52.6845,0.148,820.0839,118.9583,0,monomer
778,778,1.0178,0.0316,1.4433,0.0088,73.3641,0.3222,3115.9155,119.1381,0,monomer
781,781,1.835,0.0442,1.3925,0.0046,83.4953,0.2612,3129.2274,119.7976,0,dimer
783,783,1.0631,0.0315,1.4305,0.0048,59.8075,0.2625,2180.427,120.064,0,monomer
784,784,1.946,0.0494,1.4137,0.006,56.9525,0.173,1688.5809,120.1306,0,dimer
785,785,1.0673,0.0103,1.443,0.0033,64.5393,0.2214,2638.6885,120.2306,0,monomer
786,786,1.0432,0.0249,1.4363,0.0062,76.8256,0.1999,2932.6008,120.3505,0,monomer
787,787,1.1321,0.0418,1.4227,0.0056,67.5141,0.1543,2644.5996,120.4637,0,monomer
788,788,1.0057,0.0683,1.4533,0.0154,65.3578,0.1999,2471.5975,120.6469,0,monomer
791,791,1.1388,0.0333,1.4284,0.007,62.6637,0.2072,2270.6147,121.3763,0,monomer
795,795,1.0267,0.0226,1.4409,0.0063,60.7509,0.2151,2353.9525,122.069,0,monomer
796,796,1.8664,0.031,1.3723,0.001,69.2174,0.4029,2993.0656,122.3888,0,dimer
797,797,1.8585,0.0188,1.3722,0.001,83.7292,0.3095,2557.0935,122.5553,1,dimer
798,798,1.0383,0.0522,1.3747,0.0069,67.0075,0.2516,2550.758,122.8084,1,extra
799,799,0.9894,0.0259,1.4491,0.0053,75.1206,0.2103,2865.8436,122.895,0,monomer
801,801,1.7142,0.0394,1.3762,0.0037,57.8756,0.3038,2058.1042,123.1615,1,dimer
802,802,1.7164,0.0449,1.4082,0.0046,85.5163,0.2313,2753.7333,123.288,0,dimer
803,803,1.395,0.0483,1.4193,0.0119,74.4497,0.2428,3077.1843,123.5811,0,dimer
804,804,0.9937,0.0296,1.4464,0.0119,68.1645,0.2307,4039.8085,123.8809,0,monomer
805,805,1.0726,0.0435,1.4321,0.0079,77.846,0.3397,4623.7045,124.1373,0,monomer
806,806,1.0995,0.0228,1.4275,0.0048,65.6901,0.3265,3895.4568,124.154,0,monomer
807,807,1.8926,0.3884,1.4321,0.2487,65.3663,3.5162,3437.4696,124.6036,1,dimer
808,808,0.999,0.0498,1.441,0.0162,62.6687,0.2723,2887.5885,124.6736,0,monomer
810,810,0.7941,0.2017,1.3655,0.0128,56.0091,0.1777,1685.1046,124.7402,1,extra
811,811,1.0566,0.0263,1.4299,0.0056,62.9721,0.2579,2831.0128,124.7468,0,monomer
813,813,1.0443,0.021,1.434,0.0069,57.0604,0.1538,1599.0232,125.0532,0,monomer
814,814,1.0629,0.0646,1.4195,0.0119,86.0159,0.1705,3027.577,125.1598,1,monomer
815,815,1.0674,0.1026,1.4077,0.0331,96.0068,0.2142,1500.9341,125.2597,0,extra
816,816,1.0308,0.012,1.4343,0.0031,67.3761,0.3297,3044.33,125.5995,0,monomer
817,817,0.7089,0.0688,1.3745,0.0056,54.8572,0.2131,1311.3019,125.6328,1,extra
818,818,1.0185,0.0561,1.428,0.0173,86.181,0.261,2753.6412,125.726,0,monomer
819,819,1.111,0.0298,1.4199,0.0083,89.5297,0.2198,2669.3659,125.8792,0,monomer
820,820,1.1155,0.0294,1.425,0.0072,79.9701,0.2573,3510.7281,125.9525,0,monomer
822,822,1.1013,0.0095,1.4251,0.0016,81.9398,0.2282,3246.8937,126.0191,0,monomer
823,823,1.1436,0.0104,1.4226,0.0033,87.149,0.2298,3091.9728,126.2256,1,monomer
824,824,1.1008,0.0298,1.4226,0.0045,62.9818,0.1576,3099.2148,126.2756,0,monomer
825,825,0.9883,0.0855,1.4538,0.0134,93.3986,0.2487,2070.5741,126.3455,0,monomer
827,827,1.9672,0.1219,1.3769,0.0141,62.2387,0.4052,2767.2239,126.6186,1,dimer
829,829,1.0216,0.0269,1.452,0.0104,73.9347,0.1581,3231.2163,126.9783,0,monomer
